source,target,relationship_type
C0001,D0010,USES_DEVICE
C0001,D0011,USES_DEVICE
C0001,D0012,USES_DEVICE
C0001,I0000,USES_IP
C0001,P0010,HAS_PAYMENT_INSTRUMENT
C0001,P0011,HAS_PAYMENT_INSTRUMENT
C0002,D0020,USES_DEVICE
C0002,I0020,USES_IP
C0002,P0020,HAS_PAYMENT_INSTRUMENT
C0003,D0030,USES_DEVICE
C0003,D0031,USES_DEVICE
C0003,D0032,USES_DEVICE
C0003,I0030,USES_IP
C0003,I0000,USES_IP
C0003,I0032,USES_IP
C0003,P0030,HAS_PAYMENT_INSTRUMENT
C0004,D0040,USES_DEVICE
C0004,I0040,USES_IP
C0004,P0040,HAS_PAYMENT_INSTRUMENT
C0005,D0050,USES_DEVICE
C0005,D0051,USES_DEVICE
C0005,D0052,USES_DEVICE
C0005,I0050,USES_IP
C0005,P0050,HAS_PAYMENT_INSTRUMENT
C0005,P0051,HAS_PAYMENT_INSTRUMENT
C0006,D0060,USES_DEVICE
C0006,I0060,USES_IP
C0006,I0061,USES_IP
C0006,P0060,HAS_PAYMENT_INSTRUMENT
C0007,D0070,USES_DEVICE
C0007,I0070,USES_IP
C0007,I0071,USES_IP
C0007,I0072,USES_IP
C0007,P0070,HAS_PAYMENT_INSTRUMENT
C0007,P0071,HAS_PAYMENT_INSTRUMENT
C0008,D0080,USES_DEVICE
C0008,I0080,USES_IP
C0008,P0080,HAS_PAYMENT_INSTRUMENT
C0008,P0081,HAS_PAYMENT_INSTRUMENT
C0009,D0090,USES_DEVICE
C0009,D0091,USES_DEVICE
C0009,I0090,USES_IP
C0009,I0001,USES_IP
C0009,I0092,USES_IP
C0009,P0090,HAS_PAYMENT_INSTRUMENT
C0010,D0100,USES_DEVICE
C0010,D0101,USES_DEVICE
C0010,I0100,USES_IP
C0010,P0100,HAS_PAYMENT_INSTRUMENT
C0010,P0101,HAS_PAYMENT_INSTRUMENT
C0011,D0110,USES_DEVICE
C0011,D0111,USES_DEVICE
C0011,D0112,USES_DEVICE
C0011,I0110,USES_IP
C0011,P0110,HAS_PAYMENT_INSTRUMENT
C0012,D0120,USES_DEVICE
C0012,D0121,USES_DEVICE
C0012,D0122,USES_DEVICE
C0012,I0120,USES_IP
C0012,P0120,HAS_PAYMENT_INSTRUMENT
C0013,D0130,USES_DEVICE
C0013,I0130,USES_IP
C0013,P0130,HAS_PAYMENT_INSTRUMENT
C0013,P0131,HAS_PAYMENT_INSTRUMENT
C0014,D0140,USES_DEVICE
C0014,D0141,USES_DEVICE
C0014,D0142,USES_DEVICE
C0014,I0140,USES_IP
C0014,I0141,USES_IP
C0014,P0140,HAS_PAYMENT_INSTRUMENT
C0014,P0141,HAS_PAYMENT_INSTRUMENT
C0015,D0150,USES_DEVICE
C0015,D0151,USES_DEVICE
C0015,D0152,USES_DEVICE
C0015,I0150,USES_IP
C0015,I0151,USES_IP
C0015,I0152,USES_IP
C0015,P0150,HAS_PAYMENT_INSTRUMENT
C0016,D0160,USES_DEVICE
C0016,I0160,USES_IP
C0016,I0161,USES_IP
C0016,P0160,HAS_PAYMENT_INSTRUMENT
C0017,D0170,USES_DEVICE
C0017,D0171,USES_DEVICE
C0017,D0172,USES_DEVICE
C0017,I0170,USES_IP
C0017,I0171,USES_IP
C0017,P0170,HAS_PAYMENT_INSTRUMENT
C0018,D0180,USES_DEVICE
C0018,I0180,USES_IP
C0018,I0003,USES_IP
C0018,P0180,HAS_PAYMENT_INSTRUMENT
C0018,P0181,HAS_PAYMENT_INSTRUMENT
C0019,D0190,USES_DEVICE
C0019,I0190,USES_IP
C0019,I0191,USES_IP
C0019,I0192,USES_IP
C0019,P0190,HAS_PAYMENT_INSTRUMENT
C0020,D0200,USES_DEVICE
C0020,D0201,USES_DEVICE
C0020,I0200,USES_IP
C0020,P0200,HAS_PAYMENT_INSTRUMENT
C0020,P0201,HAS_PAYMENT_INSTRUMENT
C0021,D0210,USES_DEVICE
C0021,D0211,USES_DEVICE
C0021,D0212,USES_DEVICE
C0021,I0210,USES_IP
C0021,I0211,USES_IP
C0021,I0212,USES_IP
C0021,P0210,HAS_PAYMENT_INSTRUMENT
C0022,D0220,USES_DEVICE
C0022,D0221,USES_DEVICE
C0022,D0222,USES_DEVICE
C0022,I0004,USES_IP
C0022,I0004,USES_IP
C0022,P0220,HAS_PAYMENT_INSTRUMENT
C0023,D0230,USES_DEVICE
C0023,I0230,USES_IP
C0023,I0231,USES_IP
C0023,I0232,USES_IP
C0023,P0230,HAS_PAYMENT_INSTRUMENT
C0023,P0231,HAS_PAYMENT_INSTRUMENT
C0024,D0240,USES_DEVICE
C0024,D0241,USES_DEVICE
C0024,I0240,USES_IP
C0024,I0241,USES_IP
C0024,I0242,USES_IP
C0024,P0240,HAS_PAYMENT_INSTRUMENT
C0025,D0250,USES_DEVICE
C0025,D0251,USES_DEVICE
C0025,D0252,USES_DEVICE
C0025,I0250,USES_IP
C0025,I0251,USES_IP
C0025,I0252,USES_IP
C0025,P0250,HAS_PAYMENT_INSTRUMENT
C0025,P0251,HAS_PAYMENT_INSTRUMENT
C0026,D0260,USES_DEVICE
C0026,I0260,USES_IP
C0026,I0261,USES_IP
C0026,P0260,HAS_PAYMENT_INSTRUMENT
C0026,P0261,HAS_PAYMENT_INSTRUMENT
C0027,D0270,USES_DEVICE
C0027,D0271,USES_DEVICE
C0027,D0272,USES_DEVICE
C0027,I0270,USES_IP
C0027,P0270,HAS_PAYMENT_INSTRUMENT
C0028,D0280,USES_DEVICE
C0028,D0281,USES_DEVICE
C0028,D0282,USES_DEVICE
C0028,I0280,USES_IP
C0028,I0281,USES_IP
C0028,P0280,HAS_PAYMENT_INSTRUMENT
C0029,D0290,USES_DEVICE
C0029,I0290,USES_IP
C0029,I0291,USES_IP
C0029,P0290,HAS_PAYMENT_INSTRUMENT
C0030,D0300,USES_DEVICE
C0030,D0301,USES_DEVICE
C0030,D0302,USES_DEVICE
C0030,I0300,USES_IP
C0030,I0301,USES_IP
C0030,P0300,HAS_PAYMENT_INSTRUMENT
C0030,P0301,HAS_PAYMENT_INSTRUMENT
C0031,D0310,USES_DEVICE
C0031,D0311,USES_DEVICE
C0031,I0006,USES_IP
C0031,P0310,HAS_PAYMENT_INSTRUMENT
C0032,D0320,USES_DEVICE
C0032,I0320,USES_IP
C0032,I0006,USES_IP
C0032,I0322,USES_IP
C0032,P0320,HAS_PAYMENT_INSTRUMENT
C0033,D0330,USES_DEVICE
C0033,I0330,USES_IP
C0033,I0331,USES_IP
C0033,I0332,USES_IP
C0033,P0330,HAS_PAYMENT_INSTRUMENT
C0033,P0331,HAS_PAYMENT_INSTRUMENT
C0034,D0340,USES_DEVICE
C0034,I0340,USES_IP
C0034,I0341,USES_IP
C0034,I0342,USES_IP
C0034,P0340,HAS_PAYMENT_INSTRUMENT
C0034,P0341,HAS_PAYMENT_INSTRUMENT
C0035,D0350,USES_DEVICE
C0035,D0351,USES_DEVICE
C0035,D0352,USES_DEVICE
C0035,I0350,USES_IP
C0035,I0351,USES_IP
C0035,I0352,USES_IP
C0035,P0350,HAS_PAYMENT_INSTRUMENT
C0036,D0360,USES_DEVICE
C0036,I0360,USES_IP
C0036,P0360,HAS_PAYMENT_INSTRUMENT
C0037,D0370,USES_DEVICE
C0037,D0371,USES_DEVICE
C0037,D0372,USES_DEVICE
C0037,I0007,USES_IP
C0037,P0370,HAS_PAYMENT_INSTRUMENT
C0038,D0380,USES_DEVICE
C0038,I0380,USES_IP
C0038,P0380,HAS_PAYMENT_INSTRUMENT
C0038,P0381,HAS_PAYMENT_INSTRUMENT
C0039,D0390,USES_DEVICE
C0039,I0390,USES_IP
C0039,I0391,USES_IP
C0039,I0392,USES_IP
C0039,P0390,HAS_PAYMENT_INSTRUMENT
C0040,D0400,USES_DEVICE
C0040,D0401,USES_DEVICE
C0040,D0402,USES_DEVICE
C0040,I0400,USES_IP
C0040,I0401,USES_IP
C0040,I0402,USES_IP
C0040,P0400,HAS_PAYMENT_INSTRUMENT
C0040,P0401,HAS_PAYMENT_INSTRUMENT
C0041,D0410,USES_DEVICE
C0041,I0008,USES_IP
C0041,P0410,HAS_PAYMENT_INSTRUMENT
C0041,P0411,HAS_PAYMENT_INSTRUMENT
C0042,D0420,USES_DEVICE
C0042,D0421,USES_DEVICE
C0042,I0420,USES_IP
C0042,I0421,USES_IP
C0042,P0420,HAS_PAYMENT_INSTRUMENT
C0043,D0430,USES_DEVICE
C0043,D0431,USES_DEVICE
C0043,D0432,USES_DEVICE
C0043,I0430,USES_IP
C0043,I0008,USES_IP
C0043,I0432,USES_IP
C0043,P0430,HAS_PAYMENT_INSTRUMENT
C0043,P0431,HAS_PAYMENT_INSTRUMENT
C0044,D0440,USES_DEVICE
C0044,I0440,USES_IP
C0044,P0440,HAS_PAYMENT_INSTRUMENT
C0044,P0441,HAS_PAYMENT_INSTRUMENT
C0045,D0450,USES_DEVICE
C0045,I0450,USES_IP
C0045,I0451,USES_IP
C0045,P0450,HAS_PAYMENT_INSTRUMENT
C0046,D0460,USES_DEVICE
C0046,D0461,USES_DEVICE
C0046,I0009,USES_IP
C0046,I0461,USES_IP
C0046,I0462,USES_IP
C0046,P0460,HAS_PAYMENT_INSTRUMENT
C0047,D0470,USES_DEVICE
C0047,I0470,USES_IP
C0047,P0470,HAS_PAYMENT_INSTRUMENT
C0047,P0471,HAS_PAYMENT_INSTRUMENT
C0048,D0480,USES_DEVICE
C0048,D0481,USES_DEVICE
C0048,I0480,USES_IP
C0048,P0480,HAS_PAYMENT_INSTRUMENT
C0049,D0490,USES_DEVICE
C0049,I0009,USES_IP
C0049,I0491,USES_IP
C0049,P0490,HAS_PAYMENT_INSTRUMENT
C0049,P0491,HAS_PAYMENT_INSTRUMENT
C0050,D0500,USES_DEVICE
C0050,D0501,USES_DEVICE
C0050,I0500,USES_IP
C0050,I0501,USES_IP
C0050,P0500,HAS_PAYMENT_INSTRUMENT
C0050,P0501,HAS_PAYMENT_INSTRUMENT
C0051,D0510,USES_DEVICE
C0051,I0510,USES_IP
C0051,P0510,HAS_PAYMENT_INSTRUMENT
C0052,D0520,USES_DEVICE
C0052,D0521,USES_DEVICE
C0052,D0522,USES_DEVICE
C0052,I0520,USES_IP
C0052,I0521,USES_IP
C0052,I0010,USES_IP
C0052,P0520,HAS_PAYMENT_INSTRUMENT
C0052,P0521,HAS_PAYMENT_INSTRUMENT
C0053,D0530,USES_DEVICE
C0053,D0531,USES_DEVICE
C0053,D0532,USES_DEVICE
C0053,I0530,USES_IP
C0053,I0531,USES_IP
C0053,I0010,USES_IP
C0053,P0530,HAS_PAYMENT_INSTRUMENT
C0054,D0540,USES_DEVICE
C0054,I0010,USES_IP
C0054,I0541,USES_IP
C0054,I0542,USES_IP
C0054,P0540,HAS_PAYMENT_INSTRUMENT
C0055,D0550,USES_DEVICE
C0055,D0551,USES_DEVICE
C0055,D0552,USES_DEVICE
C0055,I0011,USES_IP
C0055,I0011,USES_IP
C0055,I0552,USES_IP
C0055,P0550,HAS_PAYMENT_INSTRUMENT
C0055,P0551,HAS_PAYMENT_INSTRUMENT
C0056,D0560,USES_DEVICE
C0056,D0561,USES_DEVICE
C0056,I0560,USES_IP
C0056,P0560,HAS_PAYMENT_INSTRUMENT
C0056,P0561,HAS_PAYMENT_INSTRUMENT
C0057,D0570,USES_DEVICE
C0057,I0570,USES_IP
C0057,I0571,USES_IP
C0057,P0570,HAS_PAYMENT_INSTRUMENT
C0057,P0571,HAS_PAYMENT_INSTRUMENT
C0058,D0580,USES_DEVICE
C0058,D0581,USES_DEVICE
C0058,I0580,USES_IP
C0058,I0581,USES_IP
C0058,P0580,HAS_PAYMENT_INSTRUMENT
C0059,D0590,USES_DEVICE
C0059,D0591,USES_DEVICE
C0059,I0590,USES_IP
C0059,I0591,USES_IP
C0059,I0011,USES_IP
C0059,P0590,HAS_PAYMENT_INSTRUMENT
C0060,D0600,USES_DEVICE
C0060,D0601,USES_DEVICE
C0060,D0602,USES_DEVICE
C0060,I0600,USES_IP
C0060,I0601,USES_IP
C0060,P0600,HAS_PAYMENT_INSTRUMENT
C0061,D0610,USES_DEVICE
C0061,I0610,USES_IP
C0061,I0611,USES_IP
C0061,P0610,HAS_PAYMENT_INSTRUMENT
C0061,P0611,HAS_PAYMENT_INSTRUMENT
C0062,D0620,USES_DEVICE
C0062,D0621,USES_DEVICE
C0062,D0622,USES_DEVICE
C0062,I0620,USES_IP
C0062,I0621,USES_IP
C0062,I0622,USES_IP
C0062,P0620,HAS_PAYMENT_INSTRUMENT
C0063,D0630,USES_DEVICE
C0063,I0630,USES_IP
C0063,I0631,USES_IP
C0063,P0630,HAS_PAYMENT_INSTRUMENT
C0064,D0640,USES_DEVICE
C0064,D0641,USES_DEVICE
C0064,I0640,USES_IP
C0064,I0641,USES_IP
C0064,P0640,HAS_PAYMENT_INSTRUMENT
C0065,D0650,USES_DEVICE
C0065,D0651,USES_DEVICE
C0065,D0652,USES_DEVICE
C0065,I0650,USES_IP
C0065,I0651,USES_IP
C0065,I0652,USES_IP
C0065,P0650,HAS_PAYMENT_INSTRUMENT
C0066,D0660,USES_DEVICE
C0066,I0660,USES_IP
C0066,I0661,USES_IP
C0066,I0013,USES_IP
C0066,P0660,HAS_PAYMENT_INSTRUMENT
C0067,D0670,USES_DEVICE
C0067,D0671,USES_DEVICE
C0067,D0672,USES_DEVICE
C0067,I0670,USES_IP
C0067,I0671,USES_IP
C0067,P0670,HAS_PAYMENT_INSTRUMENT
C0067,P0671,HAS_PAYMENT_INSTRUMENT
C0068,D0680,USES_DEVICE
C0068,D0681,USES_DEVICE
C0068,D0682,USES_DEVICE
C0068,I0680,USES_IP
C0068,P0680,HAS_PAYMENT_INSTRUMENT
C0069,D0690,USES_DEVICE
C0069,D0691,USES_DEVICE
C0069,D0692,USES_DEVICE
C0069,I0690,USES_IP
C0069,P0690,HAS_PAYMENT_INSTRUMENT
C0070,D0700,USES_DEVICE
C0070,D0701,USES_DEVICE
C0070,I0014,USES_IP
C0070,P0700,HAS_PAYMENT_INSTRUMENT
C0070,P0701,HAS_PAYMENT_INSTRUMENT
C0071,D0710,USES_DEVICE
C0071,I0710,USES_IP
C0071,I0711,USES_IP
C0071,P0710,HAS_PAYMENT_INSTRUMENT
C0072,D0720,USES_DEVICE
C0072,D0721,USES_DEVICE
C0072,I0720,USES_IP
C0072,I0721,USES_IP
C0072,I0722,USES_IP
C0072,P0720,HAS_PAYMENT_INSTRUMENT
C0073,D0730,USES_DEVICE
C0073,I0730,USES_IP
C0073,P0730,HAS_PAYMENT_INSTRUMENT
C0074,D0740,USES_DEVICE
C0074,D0741,USES_DEVICE
C0074,I0740,USES_IP
C0074,P0740,HAS_PAYMENT_INSTRUMENT
C0074,P0741,HAS_PAYMENT_INSTRUMENT
C0075,D0750,USES_DEVICE
C0075,D0751,USES_DEVICE
C0075,I0750,USES_IP
C0075,I0751,USES_IP
C0075,I0752,USES_IP
C0075,P0750,HAS_PAYMENT_INSTRUMENT
C0076,D0760,USES_DEVICE
C0076,D0761,USES_DEVICE
C0076,I0760,USES_IP
C0076,P0760,HAS_PAYMENT_INSTRUMENT
C0077,D0770,USES_DEVICE
C0077,I0770,USES_IP
C0077,I0771,USES_IP
C0077,P0770,HAS_PAYMENT_INSTRUMENT
C0078,D0780,USES_DEVICE
C0078,I0780,USES_IP
C0078,P0780,HAS_PAYMENT_INSTRUMENT
C0078,P0781,HAS_PAYMENT_INSTRUMENT
C0079,D0790,USES_DEVICE
C0079,D0791,USES_DEVICE
C0079,I0790,USES_IP
C0079,I0791,USES_IP
C0079,P0790,HAS_PAYMENT_INSTRUMENT
C0079,P0791,HAS_PAYMENT_INSTRUMENT
C0080,D0800,USES_DEVICE
C0080,D0801,USES_DEVICE
C0080,I0800,USES_IP
C0080,I0801,USES_IP
C0080,I0802,USES_IP
C0080,P0800,HAS_PAYMENT_INSTRUMENT
C0080,P0801,HAS_PAYMENT_INSTRUMENT
C0081,D0810,USES_DEVICE
C0081,I0810,USES_IP
C0081,P0810,HAS_PAYMENT_INSTRUMENT
C0081,P0811,HAS_PAYMENT_INSTRUMENT
C0082,D0820,USES_DEVICE
C0082,I0820,USES_IP
C0082,I0821,USES_IP
C0082,I0822,USES_IP
C0082,P0820,HAS_PAYMENT_INSTRUMENT
C0082,P0821,HAS_PAYMENT_INSTRUMENT
C0083,D0830,USES_DEVICE
C0083,D0831,USES_DEVICE
C0083,I0830,USES_IP
C0083,I0831,USES_IP
C0083,I0832,USES_IP
C0083,P0830,HAS_PAYMENT_INSTRUMENT
C0084,D0840,USES_DEVICE
C0084,D0841,USES_DEVICE
C0084,I0840,USES_IP
C0084,I0016,USES_IP
C0084,I0842,USES_IP
C0084,P0840,HAS_PAYMENT_INSTRUMENT
C0085,D0850,USES_DEVICE
C0085,D0851,USES_DEVICE
C0085,I0017,USES_IP
C0085,I0851,USES_IP
C0085,P0850,HAS_PAYMENT_INSTRUMENT
C0085,P0851,HAS_PAYMENT_INSTRUMENT
C0086,D0860,USES_DEVICE
C0086,D0861,USES_DEVICE
C0086,D0862,USES_DEVICE
C0086,I0860,USES_IP
C0086,I0861,USES_IP
C0086,P0860,HAS_PAYMENT_INSTRUMENT
C0086,P0861,HAS_PAYMENT_INSTRUMENT
C0087,D0870,USES_DEVICE
C0087,D0871,USES_DEVICE
C0087,D0872,USES_DEVICE
C0087,I0870,USES_IP
C0087,I0871,USES_IP
C0087,P0870,HAS_PAYMENT_INSTRUMENT
C0087,P0871,HAS_PAYMENT_INSTRUMENT
C0088,D0880,USES_DEVICE
C0088,D0881,USES_DEVICE
C0088,D0882,USES_DEVICE
C0088,I0880,USES_IP
C0088,P0880,HAS_PAYMENT_INSTRUMENT
C0088,P0881,HAS_PAYMENT_INSTRUMENT
C0089,D0890,USES_DEVICE
C0089,D0891,USES_DEVICE
C0089,D0892,USES_DEVICE
C0089,I0890,USES_IP
C0089,I0891,USES_IP
C0089,I0892,USES_IP
C0089,P0890,HAS_PAYMENT_INSTRUMENT
C0090,D0900,USES_DEVICE
C0090,D0901,USES_DEVICE
C0090,I0900,USES_IP
C0090,I0901,USES_IP
C0090,P0900,HAS_PAYMENT_INSTRUMENT
C0090,P0901,HAS_PAYMENT_INSTRUMENT
C0091,D0910,USES_DEVICE
C0091,D0911,USES_DEVICE
C0091,I0910,USES_IP
C0091,I0911,USES_IP
C0091,P0910,HAS_PAYMENT_INSTRUMENT
C0091,P0911,HAS_PAYMENT_INSTRUMENT
C0092,D0920,USES_DEVICE
C0092,D0921,USES_DEVICE
C0092,D0922,USES_DEVICE
C0092,I0920,USES_IP
C0092,P0920,HAS_PAYMENT_INSTRUMENT
C0092,P0921,HAS_PAYMENT_INSTRUMENT
C0093,D0930,USES_DEVICE
C0093,D0931,USES_DEVICE
C0093,D0932,USES_DEVICE
C0093,I0930,USES_IP
C0093,I0931,USES_IP
C0093,I0932,USES_IP
C0093,P0930,HAS_PAYMENT_INSTRUMENT
C0094,D0940,USES_DEVICE
C0094,D0941,USES_DEVICE
C0094,D0942,USES_DEVICE
C0094,I0940,USES_IP
C0094,I0941,USES_IP
C0094,P0940,HAS_PAYMENT_INSTRUMENT
C0095,D0950,USES_DEVICE
C0095,I0950,USES_IP
C0095,P0950,HAS_PAYMENT_INSTRUMENT
C0096,D0960,USES_DEVICE
C0096,D0961,USES_DEVICE
C0096,I0960,USES_IP
C0096,I0961,USES_IP
C0096,P0960,HAS_PAYMENT_INSTRUMENT
C0096,P0961,HAS_PAYMENT_INSTRUMENT
C0097,D0970,USES_DEVICE
C0097,D0971,USES_DEVICE
C0097,I0970,USES_IP
C0097,I0971,USES_IP
C0097,P0970,HAS_PAYMENT_INSTRUMENT
C0098,D0980,USES_DEVICE
C0098,I0980,USES_IP
C0098,I0981,USES_IP
C0098,P0980,HAS_PAYMENT_INSTRUMENT
C0098,P0981,HAS_PAYMENT_INSTRUMENT
C0099,D0990,USES_DEVICE
C0099,I0990,USES_IP
C0099,I0991,USES_IP
C0099,I0992,USES_IP
C0099,P0990,HAS_PAYMENT_INSTRUMENT
C0099,P0991,HAS_PAYMENT_INSTRUMENT
C0100,D1000,USES_DEVICE
C0100,D1001,USES_DEVICE
C0100,D1002,USES_DEVICE
C0100,I1000,USES_IP
C0100,I1001,USES_IP
C0100,I1002,USES_IP
C0100,P1000,HAS_PAYMENT_INSTRUMENT
C0100,P1001,HAS_PAYMENT_INSTRUMENT
C0101,D1010,USES_DEVICE
C0101,D1011,USES_DEVICE
C0101,D1012,USES_DEVICE
C0101,I1010,USES_IP
C0101,I1011,USES_IP
C0101,I1012,USES_IP
C0101,P1010,HAS_PAYMENT_INSTRUMENT
C0101,P1011,HAS_PAYMENT_INSTRUMENT
C0102,D1020,USES_DEVICE
C0102,I1020,USES_IP
C0102,I1021,USES_IP
C0102,I1022,USES_IP
C0102,P1020,HAS_PAYMENT_INSTRUMENT
C0102,P1021,HAS_PAYMENT_INSTRUMENT
C0103,D1030,USES_DEVICE
C0103,D1031,USES_DEVICE
C0103,D1032,USES_DEVICE
C0103,I1030,USES_IP
C0103,I1031,USES_IP
C0103,P1030,HAS_PAYMENT_INSTRUMENT
C0104,D1040,USES_DEVICE
C0104,D1041,USES_DEVICE
C0104,D1042,USES_DEVICE
C0104,I1040,USES_IP
C0104,I1041,USES_IP
C0104,P1040,HAS_PAYMENT_INSTRUMENT
C0105,D1050,USES_DEVICE
C0105,I1050,USES_IP
C0105,P1050,HAS_PAYMENT_INSTRUMENT
C0106,D1060,USES_DEVICE
C0106,D1061,USES_DEVICE
C0106,D1062,USES_DEVICE
C0106,I0021,USES_IP
C0106,P1060,HAS_PAYMENT_INSTRUMENT
C0106,P1061,HAS_PAYMENT_INSTRUMENT
C0107,D1070,USES_DEVICE
C0107,D1071,USES_DEVICE
C0107,I1070,USES_IP
C0107,I0021,USES_IP
C0107,I1072,USES_IP
C0107,P1070,HAS_PAYMENT_INSTRUMENT
C0107,P1071,HAS_PAYMENT_INSTRUMENT
C0108,D1080,USES_DEVICE
C0108,D1081,USES_DEVICE
C0108,D1082,USES_DEVICE
C0108,I0021,USES_IP
C0108,I1081,USES_IP
C0108,I1082,USES_IP
C0108,P1080,HAS_PAYMENT_INSTRUMENT
C0108,P1081,HAS_PAYMENT_INSTRUMENT
C0109,D1090,USES_DEVICE
C0109,I1090,USES_IP
C0109,I1091,USES_IP
C0109,P1090,HAS_PAYMENT_INSTRUMENT
C0109,P1091,HAS_PAYMENT_INSTRUMENT
C0110,D1100,USES_DEVICE
C0110,D1101,USES_DEVICE
C0110,D1102,USES_DEVICE
C0110,I1100,USES_IP
C0110,I1101,USES_IP
C0110,I1102,USES_IP
C0110,P1100,HAS_PAYMENT_INSTRUMENT
C0110,P1101,HAS_PAYMENT_INSTRUMENT
C0111,D1110,USES_DEVICE
C0111,I1110,USES_IP
C0111,I0022,USES_IP
C0111,P1110,HAS_PAYMENT_INSTRUMENT
C0111,P1111,HAS_PAYMENT_INSTRUMENT
C0112,D1120,USES_DEVICE
C0112,D1121,USES_DEVICE
C0112,D1122,USES_DEVICE
C0112,I1120,USES_IP
C0112,I1121,USES_IP
C0112,I1122,USES_IP
C0112,P1120,HAS_PAYMENT_INSTRUMENT
C0113,D1130,USES_DEVICE
C0113,D1131,USES_DEVICE
C0113,D1132,USES_DEVICE
C0113,I0022,USES_IP
C0113,I1131,USES_IP
C0113,I1132,USES_IP
C0113,P1130,HAS_PAYMENT_INSTRUMENT
C0114,D1140,USES_DEVICE
C0114,I1140,USES_IP
C0114,I1141,USES_IP
C0114,I1142,USES_IP
C0114,P1140,HAS_PAYMENT_INSTRUMENT
C0114,P1141,HAS_PAYMENT_INSTRUMENT
C0115,D1150,USES_DEVICE
C0115,D1151,USES_DEVICE
C0115,I1150,USES_IP
C0115,I1151,USES_IP
C0115,P1150,HAS_PAYMENT_INSTRUMENT
C0115,P1151,HAS_PAYMENT_INSTRUMENT
C0116,D1160,USES_DEVICE
C0116,D1161,USES_DEVICE
C0116,I1160,USES_IP
C0116,I0023,USES_IP
C0116,P1160,HAS_PAYMENT_INSTRUMENT
C0117,D1170,USES_DEVICE
C0117,D1171,USES_DEVICE
C0117,D1172,USES_DEVICE
C0117,I0023,USES_IP
C0117,I1171,USES_IP
C0117,I1172,USES_IP
C0117,P1170,HAS_PAYMENT_INSTRUMENT
C0118,D1180,USES_DEVICE
C0118,D1181,USES_DEVICE
C0118,D1182,USES_DEVICE
C0118,I1180,USES_IP
C0118,P1180,HAS_PAYMENT_INSTRUMENT
C0119,D1190,USES_DEVICE
C0119,I1190,USES_IP
C0119,P1190,HAS_PAYMENT_INSTRUMENT
C0120,D1200,USES_DEVICE
C0120,I1200,USES_IP
C0120,I1201,USES_IP
C0120,P1200,HAS_PAYMENT_INSTRUMENT
C0121,D1210,USES_DEVICE
C0121,D1211,USES_DEVICE
C0121,I1210,USES_IP
C0121,I1211,USES_IP
C0121,I1212,USES_IP
C0121,P1210,HAS_PAYMENT_INSTRUMENT
C0122,D1220,USES_DEVICE
C0122,I1220,USES_IP
C0122,I0024,USES_IP
C0122,P1220,HAS_PAYMENT_INSTRUMENT
C0122,P1221,HAS_PAYMENT_INSTRUMENT
C0123,D1230,USES_DEVICE
C0123,D1231,USES_DEVICE
C0123,D1232,USES_DEVICE
C0123,I1230,USES_IP
C0123,I1231,USES_IP
C0123,I1232,USES_IP
C0123,P1230,HAS_PAYMENT_INSTRUMENT
C0124,D1240,USES_DEVICE
C0124,I1240,USES_IP
C0124,I1241,USES_IP
C0124,I1242,USES_IP
C0124,P1240,HAS_PAYMENT_INSTRUMENT
C0124,P1241,HAS_PAYMENT_INSTRUMENT
C0125,D1250,USES_DEVICE
C0125,D1251,USES_DEVICE
C0125,D1252,USES_DEVICE
C0125,I1250,USES_IP
C0125,I1251,USES_IP
C0125,I1252,USES_IP
C0125,P1250,HAS_PAYMENT_INSTRUMENT
C0126,D1260,USES_DEVICE
C0126,D1261,USES_DEVICE
C0126,I1260,USES_IP
C0126,I1261,USES_IP
C0126,I1262,USES_IP
C0126,P1260,HAS_PAYMENT_INSTRUMENT
C0126,P1261,HAS_PAYMENT_INSTRUMENT
C0127,D1270,USES_DEVICE
C0127,I1270,USES_IP
C0127,I1271,USES_IP
C0127,P1270,HAS_PAYMENT_INSTRUMENT
C0127,P1271,HAS_PAYMENT_INSTRUMENT
C0128,D1280,USES_DEVICE
C0128,D1281,USES_DEVICE
C0128,D1282,USES_DEVICE
C0128,I1280,USES_IP
C0128,I1281,USES_IP
C0128,P1280,HAS_PAYMENT_INSTRUMENT
C0128,P1281,HAS_PAYMENT_INSTRUMENT
C0129,D1290,USES_DEVICE
C0129,D1291,USES_DEVICE
C0129,D1292,USES_DEVICE
C0129,I1290,USES_IP
C0129,I1291,USES_IP
C0129,I1292,USES_IP
C0129,P1290,HAS_PAYMENT_INSTRUMENT
C0129,P1291,HAS_PAYMENT_INSTRUMENT
C0130,D1300,USES_DEVICE
C0130,D1301,USES_DEVICE
C0130,I1300,USES_IP
C0130,P1300,HAS_PAYMENT_INSTRUMENT
C0131,D1310,USES_DEVICE
C0131,D1311,USES_DEVICE
C0131,I1310,USES_IP
C0131,I1311,USES_IP
C0131,P1310,HAS_PAYMENT_INSTRUMENT
C0131,P1311,HAS_PAYMENT_INSTRUMENT
C0132,D1320,USES_DEVICE
C0132,D1321,USES_DEVICE
C0132,I1320,USES_IP
C0132,P1320,HAS_PAYMENT_INSTRUMENT
C0132,P1321,HAS_PAYMENT_INSTRUMENT
C0133,D1330,USES_DEVICE
C0133,I1330,USES_IP
C0133,I1331,USES_IP
C0133,P1330,HAS_PAYMENT_INSTRUMENT
C0133,P1331,HAS_PAYMENT_INSTRUMENT
C0134,D1340,USES_DEVICE
C0134,D1341,USES_DEVICE
C0134,I1340,USES_IP
C0134,I1341,USES_IP
C0134,I0026,USES_IP
C0134,P1340,HAS_PAYMENT_INSTRUMENT
C0135,D1350,USES_DEVICE
C0135,I1350,USES_IP
C0135,P1350,HAS_PAYMENT_INSTRUMENT
C0135,P1351,HAS_PAYMENT_INSTRUMENT
C0136,D1360,USES_DEVICE
C0136,D1361,USES_DEVICE
C0136,D1362,USES_DEVICE
C0136,I1360,USES_IP
C0136,P1360,HAS_PAYMENT_INSTRUMENT
C0136,P1361,HAS_PAYMENT_INSTRUMENT
C0137,D1370,USES_DEVICE
C0137,D1371,USES_DEVICE
C0137,I0027,USES_IP
C0137,P1370,HAS_PAYMENT_INSTRUMENT
C0138,D1380,USES_DEVICE
C0138,D1381,USES_DEVICE
C0138,I1380,USES_IP
C0138,I1381,USES_IP
C0138,I1382,USES_IP
C0138,P1380,HAS_PAYMENT_INSTRUMENT
C0138,P1381,HAS_PAYMENT_INSTRUMENT
C0139,D1390,USES_DEVICE
C0139,D1391,USES_DEVICE
C0139,I1390,USES_IP
C0139,I1391,USES_IP
C0139,I1392,USES_IP
C0139,P1390,HAS_PAYMENT_INSTRUMENT
C0139,P1391,HAS_PAYMENT_INSTRUMENT
C0140,D1400,USES_DEVICE
C0140,D1401,USES_DEVICE
C0140,I1400,USES_IP
C0140,P1400,HAS_PAYMENT_INSTRUMENT
C0141,D1410,USES_DEVICE
C0141,D1411,USES_DEVICE
C0141,I1410,USES_IP
C0141,P1410,HAS_PAYMENT_INSTRUMENT
C0142,D1420,USES_DEVICE
C0142,I1420,USES_IP
C0142,P1420,HAS_PAYMENT_INSTRUMENT
C0142,P1421,HAS_PAYMENT_INSTRUMENT
C0143,D1430,USES_DEVICE
C0143,D1431,USES_DEVICE
C0143,D1432,USES_DEVICE
C0143,I1430,USES_IP
C0143,I1431,USES_IP
C0143,I1432,USES_IP
C0143,P1430,HAS_PAYMENT_INSTRUMENT
C0144,D1440,USES_DEVICE
C0144,I1440,USES_IP
C0144,I1441,USES_IP
C0144,P1440,HAS_PAYMENT_INSTRUMENT
C0145,D1450,USES_DEVICE
C0145,D1451,USES_DEVICE
C0145,D1452,USES_DEVICE
C0145,I1450,USES_IP
C0145,I0029,USES_IP
C0145,I0029,USES_IP
C0145,P1450,HAS_PAYMENT_INSTRUMENT
C0145,P1451,HAS_PAYMENT_INSTRUMENT
C0146,D1460,USES_DEVICE
C0146,D1461,USES_DEVICE
C0146,D1462,USES_DEVICE
C0146,I1460,USES_IP
C0146,P1460,HAS_PAYMENT_INSTRUMENT
C0146,P1461,HAS_PAYMENT_INSTRUMENT
C0147,D1470,USES_DEVICE
C0147,I1470,USES_IP
C0147,P1470,HAS_PAYMENT_INSTRUMENT
C0147,P1471,HAS_PAYMENT_INSTRUMENT
C0148,D1480,USES_DEVICE
C0148,D1481,USES_DEVICE
C0148,I1480,USES_IP
C0148,I1481,USES_IP
C0148,P1480,HAS_PAYMENT_INSTRUMENT
C0148,P1481,HAS_PAYMENT_INSTRUMENT
C0149,D1490,USES_DEVICE
C0149,D1491,USES_DEVICE
C0149,I1490,USES_IP
C0149,P1490,HAS_PAYMENT_INSTRUMENT
C0149,P1491,HAS_PAYMENT_INSTRUMENT
C0150,D1500,USES_DEVICE
C0150,D1501,USES_DEVICE
C0150,I1500,USES_IP
C0150,P1500,HAS_PAYMENT_INSTRUMENT
C0151,D1510,USES_DEVICE
C0151,I1510,USES_IP
C0151,P1510,HAS_PAYMENT_INSTRUMENT
C0151,P1511,HAS_PAYMENT_INSTRUMENT
C0152,D1520,USES_DEVICE
C0152,I1520,USES_IP
C0152,P1520,HAS_PAYMENT_INSTRUMENT
C0152,P1521,HAS_PAYMENT_INSTRUMENT
C0153,D1530,USES_DEVICE
C0153,D1531,USES_DEVICE
C0153,D1532,USES_DEVICE
C0153,I1530,USES_IP
C0153,I1531,USES_IP
C0153,I1532,USES_IP
C0153,P1530,HAS_PAYMENT_INSTRUMENT
C0153,P1531,HAS_PAYMENT_INSTRUMENT
C0154,D1540,USES_DEVICE
C0154,D1541,USES_DEVICE
C0154,I1540,USES_IP
C0154,I1541,USES_IP
C0154,P1540,HAS_PAYMENT_INSTRUMENT
C0154,P1541,HAS_PAYMENT_INSTRUMENT
C0155,D1550,USES_DEVICE
C0155,D1551,USES_DEVICE
C0155,D1552,USES_DEVICE
C0155,I0031,USES_IP
C0155,I1551,USES_IP
C0155,I0031,USES_IP
C0155,P1550,HAS_PAYMENT_INSTRUMENT
C0156,D1560,USES_DEVICE
C0156,D1561,USES_DEVICE
C0156,D1562,USES_DEVICE
C0156,I1560,USES_IP
C0156,P1560,HAS_PAYMENT_INSTRUMENT
C0157,D1570,USES_DEVICE
C0157,I1570,USES_IP
C0157,P1570,HAS_PAYMENT_INSTRUMENT
C0158,D1580,USES_DEVICE
C0158,I1580,USES_IP
C0158,P1580,HAS_PAYMENT_INSTRUMENT
C0158,P1581,HAS_PAYMENT_INSTRUMENT
C0159,D1590,USES_DEVICE
C0159,D1591,USES_DEVICE
C0159,I1590,USES_IP
C0159,P1590,HAS_PAYMENT_INSTRUMENT
C0159,P1591,HAS_PAYMENT_INSTRUMENT
C0160,D1600,USES_DEVICE
C0160,D1601,USES_DEVICE
C0160,D1602,USES_DEVICE
C0160,I0032,USES_IP
C0160,I1601,USES_IP
C0160,P1600,HAS_PAYMENT_INSTRUMENT
C0160,P1601,HAS_PAYMENT_INSTRUMENT
C0161,D1610,USES_DEVICE
C0161,D1611,USES_DEVICE
C0161,D1612,USES_DEVICE
C0161,I1610,USES_IP
C0161,I1611,USES_IP
C0161,I1612,USES_IP
C0161,P1610,HAS_PAYMENT_INSTRUMENT
C0162,D1620,USES_DEVICE
C0162,D1621,USES_DEVICE
C0162,D1622,USES_DEVICE
C0162,I1620,USES_IP
C0162,P1620,HAS_PAYMENT_INSTRUMENT
C0163,D1630,USES_DEVICE
C0163,I1630,USES_IP
C0163,P1630,HAS_PAYMENT_INSTRUMENT
C0163,P1631,HAS_PAYMENT_INSTRUMENT
C0164,D1640,USES_DEVICE
C0164,D1641,USES_DEVICE
C0164,D1642,USES_DEVICE
C0164,I1640,USES_IP
C0164,I1641,USES_IP
C0164,I1642,USES_IP
C0164,P1640,HAS_PAYMENT_INSTRUMENT
C0164,P1641,HAS_PAYMENT_INSTRUMENT
C0165,D1650,USES_DEVICE
C0165,D1651,USES_DEVICE
C0165,D1652,USES_DEVICE
C0165,I1650,USES_IP
C0165,I1651,USES_IP
C0165,P1650,HAS_PAYMENT_INSTRUMENT
C0165,P1651,HAS_PAYMENT_INSTRUMENT
C0166,D1660,USES_DEVICE
C0166,D1661,USES_DEVICE
C0166,I1660,USES_IP
C0166,P1660,HAS_PAYMENT_INSTRUMENT
C0166,P1661,HAS_PAYMENT_INSTRUMENT
C0167,D1670,USES_DEVICE
C0167,D1671,USES_DEVICE
C0167,D1672,USES_DEVICE
C0167,I1670,USES_IP
C0167,I0033,USES_IP
C0167,P1670,HAS_PAYMENT_INSTRUMENT
C0168,D1680,USES_DEVICE
C0168,D1681,USES_DEVICE
C0168,D1682,USES_DEVICE
C0168,I1680,USES_IP
C0168,I0033,USES_IP
C0168,I1682,USES_IP
C0168,P1680,HAS_PAYMENT_INSTRUMENT
C0168,P1681,HAS_PAYMENT_INSTRUMENT
C0169,D1690,USES_DEVICE
C0169,D1691,USES_DEVICE
C0169,D1692,USES_DEVICE
C0169,I1690,USES_IP
C0169,P1690,HAS_PAYMENT_INSTRUMENT
C0170,D1700,USES_DEVICE
C0170,D1701,USES_DEVICE
C0170,I1700,USES_IP
C0170,I1701,USES_IP
C0170,I1702,USES_IP
C0170,P1700,HAS_PAYMENT_INSTRUMENT
C0170,P1701,HAS_PAYMENT_INSTRUMENT
C0171,D1710,USES_DEVICE
C0171,D1711,USES_DEVICE
C0171,D1712,USES_DEVICE
C0171,I1710,USES_IP
C0171,I1711,USES_IP
C0171,P1710,HAS_PAYMENT_INSTRUMENT
C0171,P1711,HAS_PAYMENT_INSTRUMENT
C0172,D1720,USES_DEVICE
C0172,D1721,USES_DEVICE
C0172,I1720,USES_IP
C0172,I1721,USES_IP
C0172,P1720,HAS_PAYMENT_INSTRUMENT
C0172,P1721,HAS_PAYMENT_INSTRUMENT
C0173,D1730,USES_DEVICE
C0173,D1731,USES_DEVICE
C0173,I1730,USES_IP
C0173,I1731,USES_IP
C0173,I1732,USES_IP
C0173,P1730,HAS_PAYMENT_INSTRUMENT
C0174,D1740,USES_DEVICE
C0174,D1741,USES_DEVICE
C0174,I1740,USES_IP
C0174,P1740,HAS_PAYMENT_INSTRUMENT
C0174,P1741,HAS_PAYMENT_INSTRUMENT
C0175,D1750,USES_DEVICE
C0175,I1750,USES_IP
C0175,I1751,USES_IP
C0175,P1750,HAS_PAYMENT_INSTRUMENT
C0176,D1760,USES_DEVICE
C0176,D1761,USES_DEVICE
C0176,D1762,USES_DEVICE
C0176,I1760,USES_IP
C0176,I0035,USES_IP
C0176,I1762,USES_IP
C0176,P1760,HAS_PAYMENT_INSTRUMENT
C0176,P1761,HAS_PAYMENT_INSTRUMENT
C0177,D1770,USES_DEVICE
C0177,D1771,USES_DEVICE
C0177,D1772,USES_DEVICE
C0177,I1770,USES_IP
C0177,I1771,USES_IP
C0177,P1770,HAS_PAYMENT_INSTRUMENT
C0178,D1780,USES_DEVICE
C0178,D1781,USES_DEVICE
C0178,I1780,USES_IP
C0178,I1781,USES_IP
C0178,P1780,HAS_PAYMENT_INSTRUMENT
C0179,D1790,USES_DEVICE
C0179,D1791,USES_DEVICE
C0179,D1792,USES_DEVICE
C0179,I1790,USES_IP
C0179,I1791,USES_IP
C0179,I1792,USES_IP
C0179,P1790,HAS_PAYMENT_INSTRUMENT
C0180,D1800,USES_DEVICE
C0180,D1801,USES_DEVICE
C0180,D1802,USES_DEVICE
C0180,I0036,USES_IP
C0180,I1801,USES_IP
C0180,P1800,HAS_PAYMENT_INSTRUMENT
C0181,D1810,USES_DEVICE
C0181,D1811,USES_DEVICE
C0181,I1810,USES_IP
C0181,P1810,HAS_PAYMENT_INSTRUMENT
C0182,D1820,USES_DEVICE
C0182,D1821,USES_DEVICE
C0182,I1820,USES_IP
C0182,I1821,USES_IP
C0182,I1822,USES_IP
C0182,P1820,HAS_PAYMENT_INSTRUMENT
C0182,P1821,HAS_PAYMENT_INSTRUMENT
C0183,D1830,USES_DEVICE
C0183,D1831,USES_DEVICE
C0183,I1830,USES_IP
C0183,P1830,HAS_PAYMENT_INSTRUMENT
C0184,D1840,USES_DEVICE
C0184,D1841,USES_DEVICE
C0184,I1840,USES_IP
C0184,P1840,HAS_PAYMENT_INSTRUMENT
C0185,D1850,USES_DEVICE
C0185,I1850,USES_IP
C0185,I1851,USES_IP
C0185,P1850,HAS_PAYMENT_INSTRUMENT
C0185,P1851,HAS_PAYMENT_INSTRUMENT
C0186,D1860,USES_DEVICE
C0186,D1861,USES_DEVICE
C0186,D1862,USES_DEVICE
C0186,I1860,USES_IP
C0186,I1861,USES_IP
C0186,P1860,HAS_PAYMENT_INSTRUMENT
C0186,P1861,HAS_PAYMENT_INSTRUMENT
C0187,D1870,USES_DEVICE
C0187,D1871,USES_DEVICE
C0187,D1872,USES_DEVICE
C0187,I1870,USES_IP
C0187,I1871,USES_IP
C0187,I1872,USES_IP
C0187,P1870,HAS_PAYMENT_INSTRUMENT
C0187,P1871,HAS_PAYMENT_INSTRUMENT
C0188,D1880,USES_DEVICE
C0188,D1881,USES_DEVICE
C0188,I1880,USES_IP
C0188,I1881,USES_IP
C0188,P1880,HAS_PAYMENT_INSTRUMENT
C0188,P1881,HAS_PAYMENT_INSTRUMENT
C0189,D1890,USES_DEVICE
C0189,D1891,USES_DEVICE
C0189,I1890,USES_IP
C0189,P1890,HAS_PAYMENT_INSTRUMENT
C0190,D1900,USES_DEVICE
C0190,D1901,USES_DEVICE
C0190,D1902,USES_DEVICE
C0190,I1900,USES_IP
C0190,I1901,USES_IP
C0190,P1900,HAS_PAYMENT_INSTRUMENT
C0191,D1910,USES_DEVICE
C0191,D1911,USES_DEVICE
C0191,I1910,USES_IP
C0191,I1911,USES_IP
C0191,I1912,USES_IP
C0191,P1910,HAS_PAYMENT_INSTRUMENT
C0192,D1920,USES_DEVICE
C0192,D1921,USES_DEVICE
C0192,I1920,USES_IP
C0192,P1920,HAS_PAYMENT_INSTRUMENT
C0192,P1921,HAS_PAYMENT_INSTRUMENT
C0193,D1930,USES_DEVICE
C0193,I0038,USES_IP
C0193,I1931,USES_IP
C0193,P1930,HAS_PAYMENT_INSTRUMENT
C0194,D1940,USES_DEVICE
C0194,D1941,USES_DEVICE
C0194,D1942,USES_DEVICE
C0194,I1940,USES_IP
C0194,P1940,HAS_PAYMENT_INSTRUMENT
C0195,D1950,USES_DEVICE
C0195,I1950,USES_IP
C0195,I1951,USES_IP
C0195,P1950,HAS_PAYMENT_INSTRUMENT
C0195,P1951,HAS_PAYMENT_INSTRUMENT
C0196,D1960,USES_DEVICE
C0196,D1961,USES_DEVICE
C0196,D1962,USES_DEVICE
C0196,I1960,USES_IP
C0196,P1960,HAS_PAYMENT_INSTRUMENT
C0196,P1961,HAS_PAYMENT_INSTRUMENT
C0197,D1970,USES_DEVICE
C0197,D1971,USES_DEVICE
C0197,I1970,USES_IP
C0197,I1971,USES_IP
C0197,I1972,USES_IP
C0197,P1970,HAS_PAYMENT_INSTRUMENT
C0198,D1980,USES_DEVICE
C0198,D1981,USES_DEVICE
C0198,D1982,USES_DEVICE
C0198,I1980,USES_IP
C0198,P1980,HAS_PAYMENT_INSTRUMENT
C0198,P1981,HAS_PAYMENT_INSTRUMENT
C0199,D1990,USES_DEVICE
C0199,I0039,USES_IP
C0199,I1991,USES_IP
C0199,I1992,USES_IP
C0199,P1990,HAS_PAYMENT_INSTRUMENT
C0200,D2000,USES_DEVICE
C0200,D2001,USES_DEVICE
C0200,I2000,USES_IP
C0200,P2000,HAS_PAYMENT_INSTRUMENT
C0201,D2010,USES_DEVICE
C0201,I2010,USES_IP
C0201,I2011,USES_IP
C0201,P2010,HAS_PAYMENT_INSTRUMENT
C0201,P2011,HAS_PAYMENT_INSTRUMENT
C0202,D2020,USES_DEVICE
C0202,D2021,USES_DEVICE
C0202,I2020,USES_IP
C0202,P2020,HAS_PAYMENT_INSTRUMENT
C0202,P2021,HAS_PAYMENT_INSTRUMENT
C0203,D2030,USES_DEVICE
C0203,D2031,USES_DEVICE
C0203,D2032,USES_DEVICE
C0203,I2030,USES_IP
C0203,I2031,USES_IP
C0203,I0040,USES_IP
C0203,P2030,HAS_PAYMENT_INSTRUMENT
C0203,P2031,HAS_PAYMENT_INSTRUMENT
C0204,D2040,USES_DEVICE
C0204,D2041,USES_DEVICE
C0204,D2042,USES_DEVICE
C0204,I2040,USES_IP
C0204,I2041,USES_IP
C0204,I2042,USES_IP
C0204,P2040,HAS_PAYMENT_INSTRUMENT
C0204,P2041,HAS_PAYMENT_INSTRUMENT
C0205,D2050,USES_DEVICE
C0205,D2051,USES_DEVICE
C0205,D2052,USES_DEVICE
C0205,I2050,USES_IP
C0205,I2051,USES_IP
C0205,P2050,HAS_PAYMENT_INSTRUMENT
C0205,P2051,HAS_PAYMENT_INSTRUMENT
C0206,D2060,USES_DEVICE
C0206,D2061,USES_DEVICE
C0206,I2060,USES_IP
C0206,I0041,USES_IP
C0206,I2062,USES_IP
C0206,P2060,HAS_PAYMENT_INSTRUMENT
C0206,P2061,HAS_PAYMENT_INSTRUMENT
C0207,D2070,USES_DEVICE
C0207,D2071,USES_DEVICE
C0207,D2072,USES_DEVICE
C0207,I2070,USES_IP
C0207,I2071,USES_IP
C0207,P2070,HAS_PAYMENT_INSTRUMENT
C0207,P2071,HAS_PAYMENT_INSTRUMENT
C0208,D2080,USES_DEVICE
C0208,I2080,USES_IP
C0208,I2081,USES_IP
C0208,P2080,HAS_PAYMENT_INSTRUMENT
C0208,P2081,HAS_PAYMENT_INSTRUMENT
C0209,D2090,USES_DEVICE
C0209,D2091,USES_DEVICE
C0209,D2092,USES_DEVICE
C0209,I2090,USES_IP
C0209,I2091,USES_IP
C0209,P2090,HAS_PAYMENT_INSTRUMENT
C0209,P2091,HAS_PAYMENT_INSTRUMENT
C0210,D2100,USES_DEVICE
C0210,I2100,USES_IP
C0210,I0042,USES_IP
C0210,I2102,USES_IP
C0210,P2100,HAS_PAYMENT_INSTRUMENT
C0211,D2110,USES_DEVICE
C0211,D2111,USES_DEVICE
C0211,D2112,USES_DEVICE
C0211,I2110,USES_IP
C0211,I2111,USES_IP
C0211,I2112,USES_IP
C0211,P2110,HAS_PAYMENT_INSTRUMENT
C0212,D2120,USES_DEVICE
C0212,D2121,USES_DEVICE
C0212,D2122,USES_DEVICE
C0212,I2120,USES_IP
C0212,I2121,USES_IP
C0212,P2120,HAS_PAYMENT_INSTRUMENT
C0212,P2121,HAS_PAYMENT_INSTRUMENT
C0213,D2130,USES_DEVICE
C0213,D2131,USES_DEVICE
C0213,D2132,USES_DEVICE
C0213,I2130,USES_IP
C0213,I2131,USES_IP
C0213,I2132,USES_IP
C0213,P2130,HAS_PAYMENT_INSTRUMENT
C0214,D2140,USES_DEVICE
C0214,D2141,USES_DEVICE
C0214,D2142,USES_DEVICE
C0214,I0042,USES_IP
C0214,I2141,USES_IP
C0214,I0042,USES_IP
C0214,P2140,HAS_PAYMENT_INSTRUMENT
C0214,P2141,HAS_PAYMENT_INSTRUMENT
C0215,D2150,USES_DEVICE
C0215,D2151,USES_DEVICE
C0215,D2152,USES_DEVICE
C0215,I0043,USES_IP
C0215,P2150,HAS_PAYMENT_INSTRUMENT
C0215,P2151,HAS_PAYMENT_INSTRUMENT
C0216,D2160,USES_DEVICE
C0216,D2161,USES_DEVICE
C0216,I2160,USES_IP
C0216,I2161,USES_IP
C0216,I2162,USES_IP
C0216,P2160,HAS_PAYMENT_INSTRUMENT
C0216,P2161,HAS_PAYMENT_INSTRUMENT
C0217,D2170,USES_DEVICE
C0217,D2171,USES_DEVICE
C0217,D2172,USES_DEVICE
C0217,I2170,USES_IP
C0217,I2171,USES_IP
C0217,I2172,USES_IP
C0217,P2170,HAS_PAYMENT_INSTRUMENT
C0217,P2171,HAS_PAYMENT_INSTRUMENT
C0218,D2180,USES_DEVICE
C0218,D2181,USES_DEVICE
C0218,I2180,USES_IP
C0218,I2181,USES_IP
C0218,I2182,USES_IP
C0218,P2180,HAS_PAYMENT_INSTRUMENT
C0219,D2190,USES_DEVICE
C0219,I2190,USES_IP
C0219,P2190,HAS_PAYMENT_INSTRUMENT
C0219,P2191,HAS_PAYMENT_INSTRUMENT
C0220,D2200,USES_DEVICE
C0220,D2201,USES_DEVICE
C0220,D2202,USES_DEVICE
C0220,I0044,USES_IP
C0220,I2201,USES_IP
C0220,P2200,HAS_PAYMENT_INSTRUMENT
C0220,P2201,HAS_PAYMENT_INSTRUMENT
C0221,D2210,USES_DEVICE
C0221,D2211,USES_DEVICE
C0221,D2212,USES_DEVICE
C0221,I2210,USES_IP
C0221,P2210,HAS_PAYMENT_INSTRUMENT
C0221,P2211,HAS_PAYMENT_INSTRUMENT
C0222,D2220,USES_DEVICE
C0222,D2221,USES_DEVICE
C0222,D2222,USES_DEVICE
C0222,I2220,USES_IP
C0222,I2221,USES_IP
C0222,P2220,HAS_PAYMENT_INSTRUMENT
C0223,D2230,USES_DEVICE
C0223,D2231,USES_DEVICE
C0223,D2232,USES_DEVICE
C0223,I2230,USES_IP
C0223,P2230,HAS_PAYMENT_INSTRUMENT
C0223,P2231,HAS_PAYMENT_INSTRUMENT
C0224,D2240,USES_DEVICE
C0224,D2241,USES_DEVICE
C0224,D2242,USES_DEVICE
C0224,I2240,USES_IP
C0224,P2240,HAS_PAYMENT_INSTRUMENT
C0224,P2241,HAS_PAYMENT_INSTRUMENT
C0225,D2250,USES_DEVICE
C0225,D2251,USES_DEVICE
C0225,D2252,USES_DEVICE
C0225,I2250,USES_IP
C0225,I2251,USES_IP
C0225,P2250,HAS_PAYMENT_INSTRUMENT
C0226,D2260,USES_DEVICE
C0226,I2260,USES_IP
C0226,I2261,USES_IP
C0226,P2260,HAS_PAYMENT_INSTRUMENT
C0227,D2270,USES_DEVICE
C0227,D2271,USES_DEVICE
C0227,D2272,USES_DEVICE
C0227,I2270,USES_IP
C0227,P2270,HAS_PAYMENT_INSTRUMENT
C0227,P2271,HAS_PAYMENT_INSTRUMENT
C0228,D2280,USES_DEVICE
C0228,D2281,USES_DEVICE
C0228,D2282,USES_DEVICE
C0228,I2280,USES_IP
C0228,I2281,USES_IP
C0228,I2282,USES_IP
C0228,P2280,HAS_PAYMENT_INSTRUMENT
C0229,D2290,USES_DEVICE
C0229,D2291,USES_DEVICE
C0229,I0045,USES_IP
C0229,I2291,USES_IP
C0229,I2292,USES_IP
C0229,P2290,HAS_PAYMENT_INSTRUMENT
C0229,P2291,HAS_PAYMENT_INSTRUMENT
C0230,D2300,USES_DEVICE
C0230,I2300,USES_IP
C0230,I2301,USES_IP
C0230,I2302,USES_IP
C0230,P2300,HAS_PAYMENT_INSTRUMENT
C0230,P2301,HAS_PAYMENT_INSTRUMENT
C0231,D2310,USES_DEVICE
C0231,I2310,USES_IP
C0231,I2311,USES_IP
C0231,I2312,USES_IP
C0231,P2310,HAS_PAYMENT_INSTRUMENT
C0232,D2320,USES_DEVICE
C0232,D2321,USES_DEVICE
C0232,I2320,USES_IP
C0232,I2321,USES_IP
C0232,P2320,HAS_PAYMENT_INSTRUMENT
C0232,P2321,HAS_PAYMENT_INSTRUMENT
C0233,D2330,USES_DEVICE
C0233,I2330,USES_IP
C0233,I2331,USES_IP
C0233,I2332,USES_IP
C0233,P2330,HAS_PAYMENT_INSTRUMENT
C0234,D2340,USES_DEVICE
C0234,D2341,USES_DEVICE
C0234,I2340,USES_IP
C0234,P2340,HAS_PAYMENT_INSTRUMENT
C0235,D2350,USES_DEVICE
C0235,I2350,USES_IP
C0235,I2351,USES_IP
C0235,I2352,USES_IP
C0235,P2350,HAS_PAYMENT_INSTRUMENT
C0235,P2351,HAS_PAYMENT_INSTRUMENT
C0236,D2360,USES_DEVICE
C0236,I0047,USES_IP
C0236,I2361,USES_IP
C0236,I2362,USES_IP
C0236,P2360,HAS_PAYMENT_INSTRUMENT
C0237,D2370,USES_DEVICE
C0237,D2371,USES_DEVICE
C0237,D2372,USES_DEVICE
C0237,I2370,USES_IP
C0237,I2371,USES_IP
C0237,P2370,HAS_PAYMENT_INSTRUMENT
C0238,D2380,USES_DEVICE
C0238,I2380,USES_IP
C0238,P2380,HAS_PAYMENT_INSTRUMENT
C0239,D2390,USES_DEVICE
C0239,D2391,USES_DEVICE
C0239,D2392,USES_DEVICE
C0239,I0047,USES_IP
C0239,I2391,USES_IP
C0239,P2390,HAS_PAYMENT_INSTRUMENT
C0240,D2400,USES_DEVICE
C0240,D2401,USES_DEVICE
C0240,D2402,USES_DEVICE
C0240,I2400,USES_IP
C0240,I2401,USES_IP
C0240,P2400,HAS_PAYMENT_INSTRUMENT
C0240,P2401,HAS_PAYMENT_INSTRUMENT
C0241,D2410,USES_DEVICE
C0241,D2411,USES_DEVICE
C0241,I2410,USES_IP
C0241,I2411,USES_IP
C0241,P2410,HAS_PAYMENT_INSTRUMENT
C0242,D2420,USES_DEVICE
C0242,D2421,USES_DEVICE
C0242,D2422,USES_DEVICE
C0242,I2420,USES_IP
C0242,P2420,HAS_PAYMENT_INSTRUMENT
C0242,P2421,HAS_PAYMENT_INSTRUMENT
C0243,D2430,USES_DEVICE
C0243,D2431,USES_DEVICE
C0243,I2430,USES_IP
C0243,I0048,USES_IP
C0243,I2432,USES_IP
C0243,P2430,HAS_PAYMENT_INSTRUMENT
C0243,P2431,HAS_PAYMENT_INSTRUMENT
C0244,D2440,USES_DEVICE
C0244,D2441,USES_DEVICE
C0244,I2440,USES_IP
C0244,I2441,USES_IP
C0244,I2442,USES_IP
C0244,P2440,HAS_PAYMENT_INSTRUMENT
C0245,D2450,USES_DEVICE
C0245,D2451,USES_DEVICE
C0245,I2450,USES_IP
C0245,I2451,USES_IP
C0245,I2452,USES_IP
C0245,P2450,HAS_PAYMENT_INSTRUMENT
C0245,P2451,HAS_PAYMENT_INSTRUMENT
C0246,D2460,USES_DEVICE
C0246,D2461,USES_DEVICE
C0246,I2460,USES_IP
C0246,I2461,USES_IP
C0246,I2462,USES_IP
C0246,P2460,HAS_PAYMENT_INSTRUMENT
C0247,D2470,USES_DEVICE
C0247,D2471,USES_DEVICE
C0247,D2472,USES_DEVICE
C0247,I2470,USES_IP
C0247,P2470,HAS_PAYMENT_INSTRUMENT
C0248,D2480,USES_DEVICE
C0248,D2481,USES_DEVICE
C0248,I2480,USES_IP
C0248,I2481,USES_IP
C0248,P2480,HAS_PAYMENT_INSTRUMENT
C0248,P2481,HAS_PAYMENT_INSTRUMENT
C0249,D2490,USES_DEVICE
C0249,D2491,USES_DEVICE
C0249,I2490,USES_IP
C0249,I2491,USES_IP
C0249,P2490,HAS_PAYMENT_INSTRUMENT
C0249,P2491,HAS_PAYMENT_INSTRUMENT
C0250,D2500,USES_DEVICE
C0250,D2501,USES_DEVICE
C0250,D2502,USES_DEVICE
C0250,I2500,USES_IP
C0250,I2501,USES_IP
C0250,P2500,HAS_PAYMENT_INSTRUMENT
C0250,P2501,HAS_PAYMENT_INSTRUMENT
C0251,D2510,USES_DEVICE
C0251,I2510,USES_IP
C0251,P2510,HAS_PAYMENT_INSTRUMENT
C0252,D2520,USES_DEVICE
C0252,D2521,USES_DEVICE
C0252,I2520,USES_IP
C0252,P2520,HAS_PAYMENT_INSTRUMENT
C0252,P2521,HAS_PAYMENT_INSTRUMENT
C0253,D2530,USES_DEVICE
C0253,I0050,USES_IP
C0253,I2531,USES_IP
C0253,I2532,USES_IP
C0253,P2530,HAS_PAYMENT_INSTRUMENT
C0254,D2540,USES_DEVICE
C0254,D2541,USES_DEVICE
C0254,I2540,USES_IP
C0254,I2541,USES_IP
C0254,P2540,HAS_PAYMENT_INSTRUMENT
C0254,P2541,HAS_PAYMENT_INSTRUMENT
C0255,D2550,USES_DEVICE
C0255,D2551,USES_DEVICE
C0255,D2552,USES_DEVICE
C0255,I2550,USES_IP
C0255,P2550,HAS_PAYMENT_INSTRUMENT
C0255,P2551,HAS_PAYMENT_INSTRUMENT
C0256,D2560,USES_DEVICE
C0256,D2561,USES_DEVICE
C0256,I2560,USES_IP
C0256,P2560,HAS_PAYMENT_INSTRUMENT
C0257,D2570,USES_DEVICE
C0257,I2570,USES_IP
C0257,I2571,USES_IP
C0257,I2572,USES_IP
C0257,P2570,HAS_PAYMENT_INSTRUMENT
C0257,P2571,HAS_PAYMENT_INSTRUMENT
C0258,D2580,USES_DEVICE
C0258,I2580,USES_IP
C0258,I2581,USES_IP
C0258,P2580,HAS_PAYMENT_INSTRUMENT
C0259,D2590,USES_DEVICE
C0259,D2591,USES_DEVICE
C0259,D2592,USES_DEVICE
C0259,I2590,USES_IP
C0259,I2591,USES_IP
C0259,I2592,USES_IP
C0259,P2590,HAS_PAYMENT_INSTRUMENT
C0259,P2591,HAS_PAYMENT_INSTRUMENT
C0260,D2600,USES_DEVICE
C0260,D2601,USES_DEVICE
C0260,I0052,USES_IP
C0260,I2601,USES_IP
C0260,P2600,HAS_PAYMENT_INSTRUMENT
C0260,P2601,HAS_PAYMENT_INSTRUMENT
C0261,D2610,USES_DEVICE
C0261,I2610,USES_IP
C0261,P2610,HAS_PAYMENT_INSTRUMENT
C0262,D2620,USES_DEVICE
C0262,I2620,USES_IP
C0262,I2621,USES_IP
C0262,I2622,USES_IP
C0262,P2620,HAS_PAYMENT_INSTRUMENT
C0263,D2630,USES_DEVICE
C0263,D2631,USES_DEVICE
C0263,I2630,USES_IP
C0263,I2631,USES_IP
C0263,P2630,HAS_PAYMENT_INSTRUMENT
C0264,D2640,USES_DEVICE
C0264,I2640,USES_IP
C0264,P2640,HAS_PAYMENT_INSTRUMENT
C0265,D2650,USES_DEVICE
C0265,D2651,USES_DEVICE
C0265,D2652,USES_DEVICE
C0265,I2650,USES_IP
C0265,P2650,HAS_PAYMENT_INSTRUMENT
C0265,P2651,HAS_PAYMENT_INSTRUMENT
C0266,D2660,USES_DEVICE
C0266,D2661,USES_DEVICE
C0266,I2660,USES_IP
C0266,I2661,USES_IP
C0266,I2662,USES_IP
C0266,P2660,HAS_PAYMENT_INSTRUMENT
C0267,D2670,USES_DEVICE
C0267,D2671,USES_DEVICE
C0267,I2670,USES_IP
C0267,I2671,USES_IP
C0267,P2670,HAS_PAYMENT_INSTRUMENT
C0267,P2671,HAS_PAYMENT_INSTRUMENT
C0268,D2680,USES_DEVICE
C0268,D2681,USES_DEVICE
C0268,D2682,USES_DEVICE
C0268,I2680,USES_IP
C0268,I2681,USES_IP
C0268,I2682,USES_IP
C0268,P2680,HAS_PAYMENT_INSTRUMENT
C0269,D2690,USES_DEVICE
C0269,I2690,USES_IP
C0269,P2690,HAS_PAYMENT_INSTRUMENT
C0270,D2700,USES_DEVICE
C0270,I2700,USES_IP
C0270,I2701,USES_IP
C0270,P2700,HAS_PAYMENT_INSTRUMENT
C0270,P2701,HAS_PAYMENT_INSTRUMENT
C0271,D2710,USES_DEVICE
C0271,D2711,USES_DEVICE
C0271,D2712,USES_DEVICE
C0271,I2710,USES_IP
C0271,I2711,USES_IP
C0271,P2710,HAS_PAYMENT_INSTRUMENT
C0272,D2720,USES_DEVICE
C0272,D2721,USES_DEVICE
C0272,D2722,USES_DEVICE
C0272,I2720,USES_IP
C0272,I2721,USES_IP
C0272,I0054,USES_IP
C0272,P2720,HAS_PAYMENT_INSTRUMENT
C0273,D2730,USES_DEVICE
C0273,D2731,USES_DEVICE
C0273,I2730,USES_IP
C0273,P2730,HAS_PAYMENT_INSTRUMENT
C0274,D2740,USES_DEVICE
C0274,D2741,USES_DEVICE
C0274,I2740,USES_IP
C0274,I2741,USES_IP
C0274,I2742,USES_IP
C0274,P2740,HAS_PAYMENT_INSTRUMENT
C0274,P2741,HAS_PAYMENT_INSTRUMENT
C0275,D2750,USES_DEVICE
C0275,I0055,USES_IP
C0275,I2751,USES_IP
C0275,P2750,HAS_PAYMENT_INSTRUMENT
C0275,P2751,HAS_PAYMENT_INSTRUMENT
C0276,D2760,USES_DEVICE
C0276,D2761,USES_DEVICE
C0276,D2762,USES_DEVICE
C0276,I0055,USES_IP
C0276,I2761,USES_IP
C0276,P2760,HAS_PAYMENT_INSTRUMENT
C0277,D2770,USES_DEVICE
C0277,D2771,USES_DEVICE
C0277,I2770,USES_IP
C0277,I0055,USES_IP
C0277,I2772,USES_IP
C0277,P2770,HAS_PAYMENT_INSTRUMENT
C0277,P2771,HAS_PAYMENT_INSTRUMENT
C0278,D2780,USES_DEVICE
C0278,I2780,USES_IP
C0278,I0055,USES_IP
C0278,P2780,HAS_PAYMENT_INSTRUMENT
C0279,D2790,USES_DEVICE
C0279,D2791,USES_DEVICE
C0279,D2792,USES_DEVICE
C0279,I2790,USES_IP
C0279,I2791,USES_IP
C0279,I2792,USES_IP
C0279,P2790,HAS_PAYMENT_INSTRUMENT
C0280,D2800,USES_DEVICE
C0280,I2800,USES_IP
C0280,P2800,HAS_PAYMENT_INSTRUMENT
C0281,D2810,USES_DEVICE
C0281,I2810,USES_IP
C0281,I2811,USES_IP
C0281,I0056,USES_IP
C0281,P2810,HAS_PAYMENT_INSTRUMENT
C0281,P2811,HAS_PAYMENT_INSTRUMENT
C0282,D2820,USES_DEVICE
C0282,D2821,USES_DEVICE
C0282,I2820,USES_IP
C0282,I2821,USES_IP
C0282,I2822,USES_IP
C0282,P2820,HAS_PAYMENT_INSTRUMENT
C0282,P2821,HAS_PAYMENT_INSTRUMENT
C0283,D2830,USES_DEVICE
C0283,D2831,USES_DEVICE
C0283,D2832,USES_DEVICE
C0283,I2830,USES_IP
C0283,I0056,USES_IP
C0283,P2830,HAS_PAYMENT_INSTRUMENT
C0283,P2831,HAS_PAYMENT_INSTRUMENT
C0284,D2840,USES_DEVICE
C0284,D2841,USES_DEVICE
C0284,D2842,USES_DEVICE
C0284,I2840,USES_IP
C0284,I2841,USES_IP
C0284,P2840,HAS_PAYMENT_INSTRUMENT
C0284,P2841,HAS_PAYMENT_INSTRUMENT
C0285,D2850,USES_DEVICE
C0285,D2851,USES_DEVICE
C0285,D2852,USES_DEVICE
C0285,I2850,USES_IP
C0285,P2850,HAS_PAYMENT_INSTRUMENT
C0285,P2851,HAS_PAYMENT_INSTRUMENT
C0286,D2860,USES_DEVICE
C0286,I2860,USES_IP
C0286,P2860,HAS_PAYMENT_INSTRUMENT
C0286,P2861,HAS_PAYMENT_INSTRUMENT
C0287,D2870,USES_DEVICE
C0287,I2870,USES_IP
C0287,I2871,USES_IP
C0287,I2872,USES_IP
C0287,P2870,HAS_PAYMENT_INSTRUMENT
C0287,P2871,HAS_PAYMENT_INSTRUMENT
C0288,D2880,USES_DEVICE
C0288,D2881,USES_DEVICE
C0288,I2880,USES_IP
C0288,I2881,USES_IP
C0288,I2882,USES_IP
C0288,P2880,HAS_PAYMENT_INSTRUMENT
C0288,P2881,HAS_PAYMENT_INSTRUMENT
C0289,D2890,USES_DEVICE
C0289,D2891,USES_DEVICE
C0289,D2892,USES_DEVICE
C0289,I2890,USES_IP
C0289,I2891,USES_IP
C0289,I2892,USES_IP
C0289,P2890,HAS_PAYMENT_INSTRUMENT
C0290,D2900,USES_DEVICE
C0290,D2901,USES_DEVICE
C0290,I2900,USES_IP
C0290,P2900,HAS_PAYMENT_INSTRUMENT
C0290,P2901,HAS_PAYMENT_INSTRUMENT
C0291,D2910,USES_DEVICE
C0291,D2911,USES_DEVICE
C0291,D2912,USES_DEVICE
C0291,I2910,USES_IP
C0291,P2910,HAS_PAYMENT_INSTRUMENT
C0292,D2920,USES_DEVICE
C0292,I2920,USES_IP
C0292,P2920,HAS_PAYMENT_INSTRUMENT
C0292,P2921,HAS_PAYMENT_INSTRUMENT
C0293,D2930,USES_DEVICE
C0293,D2931,USES_DEVICE
C0293,D2932,USES_DEVICE
C0293,I2930,USES_IP
C0293,I2931,USES_IP
C0293,I2932,USES_IP
C0293,P2930,HAS_PAYMENT_INSTRUMENT
C0293,P2931,HAS_PAYMENT_INSTRUMENT
C0294,D2940,USES_DEVICE
C0294,D2941,USES_DEVICE
C0294,I2940,USES_IP
C0294,I0058,USES_IP
C0294,P2940,HAS_PAYMENT_INSTRUMENT
C0294,P2941,HAS_PAYMENT_INSTRUMENT
C0295,D2950,USES_DEVICE
C0295,I0059,USES_IP
C0295,I2951,USES_IP
C0295,P2950,HAS_PAYMENT_INSTRUMENT
C0295,P2951,HAS_PAYMENT_INSTRUMENT
C0296,D2960,USES_DEVICE
C0296,D2961,USES_DEVICE
C0296,I2960,USES_IP
C0296,I2961,USES_IP
C0296,I2962,USES_IP
C0296,P2960,HAS_PAYMENT_INSTRUMENT
C0297,D2970,USES_DEVICE
C0297,D2971,USES_DEVICE
C0297,I2970,USES_IP
C0297,P2970,HAS_PAYMENT_INSTRUMENT
C0298,D2980,USES_DEVICE
C0298,D2981,USES_DEVICE
C0298,I2980,USES_IP
C0298,I2981,USES_IP
C0298,P2980,HAS_PAYMENT_INSTRUMENT
C0298,P2981,HAS_PAYMENT_INSTRUMENT
C0299,D2990,USES_DEVICE
C0299,I2990,USES_IP
C0299,I0059,USES_IP
C0299,I2992,USES_IP
C0299,P2990,HAS_PAYMENT_INSTRUMENT
C0299,P2991,HAS_PAYMENT_INSTRUMENT
C0300,D3000,USES_DEVICE
C0300,I3000,USES_IP
C0300,I3001,USES_IP
C0300,I3002,USES_IP
C0300,P3000,HAS_PAYMENT_INSTRUMENT
C0301,D3010,USES_DEVICE
C0301,D3011,USES_DEVICE
C0301,D3012,USES_DEVICE
C0301,I3010,USES_IP
C0301,I3011,USES_IP
C0301,I3012,USES_IP
C0301,P3010,HAS_PAYMENT_INSTRUMENT
C0302,D3020,USES_DEVICE
C0302,I3020,USES_IP
C0302,I3021,USES_IP
C0302,P3020,HAS_PAYMENT_INSTRUMENT
C0303,D3030,USES_DEVICE
C0303,I0060,USES_IP
C0303,P3030,HAS_PAYMENT_INSTRUMENT
C0304,D3040,USES_DEVICE
C0304,D3041,USES_DEVICE
C0304,D3042,USES_DEVICE
C0304,I3040,USES_IP
C0304,I3041,USES_IP
C0304,I0060,USES_IP
C0304,P3040,HAS_PAYMENT_INSTRUMENT
C0304,P3041,HAS_PAYMENT_INSTRUMENT
C0305,D3050,USES_DEVICE
C0305,D3051,USES_DEVICE
C0305,D3052,USES_DEVICE
C0305,I3050,USES_IP
C0305,P3050,HAS_PAYMENT_INSTRUMENT
C0306,D3060,USES_DEVICE
C0306,I3060,USES_IP
C0306,P3060,HAS_PAYMENT_INSTRUMENT
C0307,D3070,USES_DEVICE
C0307,D3071,USES_DEVICE
C0307,D3072,USES_DEVICE
C0307,I0061,USES_IP
C0307,I3071,USES_IP
C0307,P3070,HAS_PAYMENT_INSTRUMENT
C0308,D3080,USES_DEVICE
C0308,D3081,USES_DEVICE
C0308,I3080,USES_IP
C0308,I3081,USES_IP
C0308,I3082,USES_IP
C0308,P3080,HAS_PAYMENT_INSTRUMENT
C0309,D3090,USES_DEVICE
C0309,D3091,USES_DEVICE
C0309,I3090,USES_IP
C0309,I3091,USES_IP
C0309,P3090,HAS_PAYMENT_INSTRUMENT
C0309,P3091,HAS_PAYMENT_INSTRUMENT
C0310,D3100,USES_DEVICE
C0310,D3101,USES_DEVICE
C0310,I3100,USES_IP
C0310,I3101,USES_IP
C0310,P3100,HAS_PAYMENT_INSTRUMENT
C0310,P3101,HAS_PAYMENT_INSTRUMENT
C0311,D3110,USES_DEVICE
C0311,I3110,USES_IP
C0311,P3110,HAS_PAYMENT_INSTRUMENT
C0312,D3120,USES_DEVICE
C0312,D3121,USES_DEVICE
C0312,I3120,USES_IP
C0312,P3120,HAS_PAYMENT_INSTRUMENT
C0312,P3121,HAS_PAYMENT_INSTRUMENT
C0313,D3130,USES_DEVICE
C0313,D3131,USES_DEVICE
C0313,D3132,USES_DEVICE
C0313,I3130,USES_IP
C0313,P3130,HAS_PAYMENT_INSTRUMENT
C0314,D3140,USES_DEVICE
C0314,D3141,USES_DEVICE
C0314,I3140,USES_IP
C0314,P3140,HAS_PAYMENT_INSTRUMENT
C0314,P3141,HAS_PAYMENT_INSTRUMENT
C0315,D3150,USES_DEVICE
C0315,D3151,USES_DEVICE
C0315,I3150,USES_IP
C0315,I3151,USES_IP
C0315,I3152,USES_IP
C0315,P3150,HAS_PAYMENT_INSTRUMENT
C0316,D3160,USES_DEVICE
C0316,D3161,USES_DEVICE
C0316,I3160,USES_IP
C0316,I3161,USES_IP
C0316,P3160,HAS_PAYMENT_INSTRUMENT
C0316,P3161,HAS_PAYMENT_INSTRUMENT
C0317,D3170,USES_DEVICE
C0317,D3171,USES_DEVICE
C0317,D3172,USES_DEVICE
C0317,I3170,USES_IP
C0317,I3171,USES_IP
C0317,P3170,HAS_PAYMENT_INSTRUMENT
C0317,P3171,HAS_PAYMENT_INSTRUMENT
C0318,D3180,USES_DEVICE
C0318,I3180,USES_IP
C0318,P3180,HAS_PAYMENT_INSTRUMENT
C0319,D3190,USES_DEVICE
C0319,D3191,USES_DEVICE
C0319,D3192,USES_DEVICE
C0319,I3190,USES_IP
C0319,I3191,USES_IP
C0319,I0063,USES_IP
C0319,P3190,HAS_PAYMENT_INSTRUMENT
C0319,P3191,HAS_PAYMENT_INSTRUMENT
C0320,D3200,USES_DEVICE
C0320,D3201,USES_DEVICE
C0320,D3202,USES_DEVICE
C0320,I3200,USES_IP
C0320,P3200,HAS_PAYMENT_INSTRUMENT
C0320,P3201,HAS_PAYMENT_INSTRUMENT
C0321,D3210,USES_DEVICE
C0321,D3211,USES_DEVICE
C0321,I0064,USES_IP
C0321,I0064,USES_IP
C0321,I3212,USES_IP
C0321,P3210,HAS_PAYMENT_INSTRUMENT
C0322,D3220,USES_DEVICE
C0322,D3221,USES_DEVICE
C0322,D3222,USES_DEVICE
C0322,I3220,USES_IP
C0322,I3221,USES_IP
C0322,I3222,USES_IP
C0322,P3220,HAS_PAYMENT_INSTRUMENT
C0323,D3230,USES_DEVICE
C0323,D3231,USES_DEVICE
C0323,I0064,USES_IP
C0323,P3230,HAS_PAYMENT_INSTRUMENT
C0323,P3231,HAS_PAYMENT_INSTRUMENT
C0324,D3240,USES_DEVICE
C0324,D3241,USES_DEVICE
C0324,D3242,USES_DEVICE
C0324,I3240,USES_IP
C0324,I3241,USES_IP
C0324,I3242,USES_IP
C0324,P3240,HAS_PAYMENT_INSTRUMENT
C0325,D3250,USES_DEVICE
C0325,D3251,USES_DEVICE
C0325,D3252,USES_DEVICE
C0325,I3250,USES_IP
C0325,I3251,USES_IP
C0325,I3252,USES_IP
C0325,P3250,HAS_PAYMENT_INSTRUMENT
C0326,D3260,USES_DEVICE
C0326,D3261,USES_DEVICE
C0326,D3262,USES_DEVICE
C0326,I3260,USES_IP
C0326,I3261,USES_IP
C0326,P3260,HAS_PAYMENT_INSTRUMENT
C0327,D3270,USES_DEVICE
C0327,D3271,USES_DEVICE
C0327,D3272,USES_DEVICE
C0327,I0065,USES_IP
C0327,I3271,USES_IP
C0327,P3270,HAS_PAYMENT_INSTRUMENT
C0328,D3280,USES_DEVICE
C0328,D3281,USES_DEVICE
C0328,I0065,USES_IP
C0328,I3281,USES_IP
C0328,P3280,HAS_PAYMENT_INSTRUMENT
C0328,P3281,HAS_PAYMENT_INSTRUMENT
C0329,D3290,USES_DEVICE
C0329,D3291,USES_DEVICE
C0329,I0065,USES_IP
C0329,I3291,USES_IP
C0329,I3292,USES_IP
C0329,P3290,HAS_PAYMENT_INSTRUMENT
C0330,D3300,USES_DEVICE
C0330,D3301,USES_DEVICE
C0330,D3302,USES_DEVICE
C0330,I3300,USES_IP
C0330,I3301,USES_IP
C0330,I3302,USES_IP
C0330,P3300,HAS_PAYMENT_INSTRUMENT
C0330,P3301,HAS_PAYMENT_INSTRUMENT
C0331,D3310,USES_DEVICE
C0331,D3311,USES_DEVICE
C0331,D3312,USES_DEVICE
C0331,I3310,USES_IP
C0331,P3310,HAS_PAYMENT_INSTRUMENT
C0331,P3311,HAS_PAYMENT_INSTRUMENT
C0332,D3320,USES_DEVICE
C0332,D3321,USES_DEVICE
C0332,D3322,USES_DEVICE
C0332,I3320,USES_IP
C0332,I3321,USES_IP
C0332,P3320,HAS_PAYMENT_INSTRUMENT
C0333,D3330,USES_DEVICE
C0333,D3331,USES_DEVICE
C0333,D3332,USES_DEVICE
C0333,I0066,USES_IP
C0333,I3331,USES_IP
C0333,P3330,HAS_PAYMENT_INSTRUMENT
C0334,D3340,USES_DEVICE
C0334,I3340,USES_IP
C0334,I3341,USES_IP
C0334,P3340,HAS_PAYMENT_INSTRUMENT
C0334,P3341,HAS_PAYMENT_INSTRUMENT
C0335,D3350,USES_DEVICE
C0335,D3351,USES_DEVICE
C0335,I3350,USES_IP
C0335,P3350,HAS_PAYMENT_INSTRUMENT
C0336,D3360,USES_DEVICE
C0336,D3361,USES_DEVICE
C0336,I3360,USES_IP
C0336,I0067,USES_IP
C0336,P3360,HAS_PAYMENT_INSTRUMENT
C0336,P3361,HAS_PAYMENT_INSTRUMENT
C0337,D3370,USES_DEVICE
C0337,D3371,USES_DEVICE
C0337,I3370,USES_IP
C0337,P3370,HAS_PAYMENT_INSTRUMENT
C0337,P3371,HAS_PAYMENT_INSTRUMENT
C0338,D3380,USES_DEVICE
C0338,D3381,USES_DEVICE
C0338,I3380,USES_IP
C0338,I3381,USES_IP
C0338,I3382,USES_IP
C0338,P3380,HAS_PAYMENT_INSTRUMENT
C0339,D3390,USES_DEVICE
C0339,D3391,USES_DEVICE
C0339,I3390,USES_IP
C0339,I3391,USES_IP
C0339,I3392,USES_IP
C0339,P3390,HAS_PAYMENT_INSTRUMENT
C0340,D3400,USES_DEVICE
C0340,D3401,USES_DEVICE
C0340,D3402,USES_DEVICE
C0340,I0068,USES_IP
C0340,I3401,USES_IP
C0340,P3400,HAS_PAYMENT_INSTRUMENT
C0341,D3410,USES_DEVICE
C0341,D3411,USES_DEVICE
C0341,D3412,USES_DEVICE
C0341,I3410,USES_IP
C0341,I0068,USES_IP
C0341,P3410,HAS_PAYMENT_INSTRUMENT
C0341,P3411,HAS_PAYMENT_INSTRUMENT
C0342,D3420,USES_DEVICE
C0342,D3421,USES_DEVICE
C0342,I3420,USES_IP
C0342,I3421,USES_IP
C0342,P3420,HAS_PAYMENT_INSTRUMENT
C0342,P3421,HAS_PAYMENT_INSTRUMENT
C0343,D3430,USES_DEVICE
C0343,D3431,USES_DEVICE
C0343,I0068,USES_IP
C0343,I3431,USES_IP
C0343,P3430,HAS_PAYMENT_INSTRUMENT
C0343,P3431,HAS_PAYMENT_INSTRUMENT
C0344,D3440,USES_DEVICE
C0344,D3441,USES_DEVICE
C0344,D3442,USES_DEVICE
C0344,I3440,USES_IP
C0344,I3441,USES_IP
C0344,P3440,HAS_PAYMENT_INSTRUMENT
C0345,D3450,USES_DEVICE
C0345,I3450,USES_IP
C0345,I3451,USES_IP
C0345,I3452,USES_IP
C0345,P3450,HAS_PAYMENT_INSTRUMENT
C0346,D3460,USES_DEVICE
C0346,I3460,USES_IP
C0346,P3460,HAS_PAYMENT_INSTRUMENT
C0346,P3461,HAS_PAYMENT_INSTRUMENT
C0347,D3470,USES_DEVICE
C0347,I0069,USES_IP
C0347,P3470,HAS_PAYMENT_INSTRUMENT
C0347,P3471,HAS_PAYMENT_INSTRUMENT
C0348,D3480,USES_DEVICE
C0348,D3481,USES_DEVICE
C0348,I3480,USES_IP
C0348,I0069,USES_IP
C0348,P3480,HAS_PAYMENT_INSTRUMENT
C0349,D3490,USES_DEVICE
C0349,D3491,USES_DEVICE
C0349,D3492,USES_DEVICE
C0349,I3490,USES_IP
C0349,I3491,USES_IP
C0349,P3490,HAS_PAYMENT_INSTRUMENT
C0350,D3500,USES_DEVICE
C0350,D3501,USES_DEVICE
C0350,D3502,USES_DEVICE
C0350,I3500,USES_IP
C0350,P3500,HAS_PAYMENT_INSTRUMENT
C0350,P3501,HAS_PAYMENT_INSTRUMENT
C0351,D3510,USES_DEVICE
C0351,D3511,USES_DEVICE
C0351,I3510,USES_IP
C0351,I3511,USES_IP
C0351,I0070,USES_IP
C0351,P3510,HAS_PAYMENT_INSTRUMENT
C0352,D3520,USES_DEVICE
C0352,D3521,USES_DEVICE
C0352,I3520,USES_IP
C0352,I3521,USES_IP
C0352,I3522,USES_IP
C0352,P3520,HAS_PAYMENT_INSTRUMENT
C0352,P3521,HAS_PAYMENT_INSTRUMENT
C0353,D3530,USES_DEVICE
C0353,D3531,USES_DEVICE
C0353,D3532,USES_DEVICE
C0353,I3530,USES_IP
C0353,I3531,USES_IP
C0353,P3530,HAS_PAYMENT_INSTRUMENT
C0353,P3531,HAS_PAYMENT_INSTRUMENT
C0354,D3540,USES_DEVICE
C0354,I3540,USES_IP
C0354,P3540,HAS_PAYMENT_INSTRUMENT
C0355,D3550,USES_DEVICE
C0355,D3551,USES_DEVICE
C0355,I3550,USES_IP
C0355,P3550,HAS_PAYMENT_INSTRUMENT
C0355,P3551,HAS_PAYMENT_INSTRUMENT
C0356,D3560,USES_DEVICE
C0356,I3560,USES_IP
C0356,I3561,USES_IP
C0356,I3562,USES_IP
C0356,P3560,HAS_PAYMENT_INSTRUMENT
C0357,D3570,USES_DEVICE
C0357,D3571,USES_DEVICE
C0357,D3572,USES_DEVICE
C0357,I3570,USES_IP
C0357,I3571,USES_IP
C0357,I3572,USES_IP
C0357,P3570,HAS_PAYMENT_INSTRUMENT
C0358,D3580,USES_DEVICE
C0358,D3581,USES_DEVICE
C0358,I3580,USES_IP
C0358,I3581,USES_IP
C0358,I3582,USES_IP
C0358,P3580,HAS_PAYMENT_INSTRUMENT
C0359,D3590,USES_DEVICE
C0359,D3591,USES_DEVICE
C0359,I3590,USES_IP
C0359,P3590,HAS_PAYMENT_INSTRUMENT
C0359,P3591,HAS_PAYMENT_INSTRUMENT
C0360,D3600,USES_DEVICE
C0360,D3601,USES_DEVICE
C0360,I3600,USES_IP
C0360,I3601,USES_IP
C0360,I0072,USES_IP
C0360,P3600,HAS_PAYMENT_INSTRUMENT
C0360,P3601,HAS_PAYMENT_INSTRUMENT
C0361,D3610,USES_DEVICE
C0361,D3611,USES_DEVICE
C0361,D3612,USES_DEVICE
C0361,I3610,USES_IP
C0361,I3611,USES_IP
C0361,I3612,USES_IP
C0361,P3610,HAS_PAYMENT_INSTRUMENT
C0362,D3620,USES_DEVICE
C0362,I3620,USES_IP
C0362,I3621,USES_IP
C0362,P3620,HAS_PAYMENT_INSTRUMENT
C0362,P3621,HAS_PAYMENT_INSTRUMENT
C0363,D3630,USES_DEVICE
C0363,I3630,USES_IP
C0363,I3631,USES_IP
C0363,I3632,USES_IP
C0363,P3630,HAS_PAYMENT_INSTRUMENT
C0363,P3631,HAS_PAYMENT_INSTRUMENT
C0364,D3640,USES_DEVICE
C0364,D3641,USES_DEVICE
C0364,D3642,USES_DEVICE
C0364,I3640,USES_IP
C0364,P3640,HAS_PAYMENT_INSTRUMENT
C0365,D3650,USES_DEVICE
C0365,D3651,USES_DEVICE
C0365,I3650,USES_IP
C0365,P3650,HAS_PAYMENT_INSTRUMENT
C0366,D3660,USES_DEVICE
C0366,D3661,USES_DEVICE
C0366,I3660,USES_IP
C0366,I3661,USES_IP
C0366,I3662,USES_IP
C0366,P3660,HAS_PAYMENT_INSTRUMENT
C0366,P3661,HAS_PAYMENT_INSTRUMENT
C0367,D3670,USES_DEVICE
C0367,I3670,USES_IP
C0367,I3671,USES_IP
C0367,I3672,USES_IP
C0367,P3670,HAS_PAYMENT_INSTRUMENT
C0368,D3680,USES_DEVICE
C0368,D3681,USES_DEVICE
C0368,D3682,USES_DEVICE
C0368,I3680,USES_IP
C0368,I3681,USES_IP
C0368,I3682,USES_IP
C0368,P3680,HAS_PAYMENT_INSTRUMENT
C0368,P3681,HAS_PAYMENT_INSTRUMENT
C0369,D3690,USES_DEVICE
C0369,D3691,USES_DEVICE
C0369,D3692,USES_DEVICE
C0369,I3690,USES_IP
C0369,P3690,HAS_PAYMENT_INSTRUMENT
C0370,D3700,USES_DEVICE
C0370,I3700,USES_IP
C0370,P3700,HAS_PAYMENT_INSTRUMENT
C0370,P3701,HAS_PAYMENT_INSTRUMENT
C0371,D3710,USES_DEVICE
C0371,D3711,USES_DEVICE
C0371,D3712,USES_DEVICE
C0371,I3710,USES_IP
C0371,P3710,HAS_PAYMENT_INSTRUMENT
C0371,P3711,HAS_PAYMENT_INSTRUMENT
C0372,D3720,USES_DEVICE
C0372,D3721,USES_DEVICE
C0372,D3722,USES_DEVICE
C0372,I0074,USES_IP
C0372,I3721,USES_IP
C0372,I3722,USES_IP
C0372,P3720,HAS_PAYMENT_INSTRUMENT
C0372,P3721,HAS_PAYMENT_INSTRUMENT
C0373,D3730,USES_DEVICE
C0373,D3731,USES_DEVICE
C0373,I3730,USES_IP
C0373,P3730,HAS_PAYMENT_INSTRUMENT
C0373,P3731,HAS_PAYMENT_INSTRUMENT
C0374,D3740,USES_DEVICE
C0374,D3741,USES_DEVICE
C0374,I0074,USES_IP
C0374,I0074,USES_IP
C0374,P3740,HAS_PAYMENT_INSTRUMENT
C0374,P3741,HAS_PAYMENT_INSTRUMENT
C0375,D3750,USES_DEVICE
C0375,D3751,USES_DEVICE
C0375,I3750,USES_IP
C0375,I3751,USES_IP
C0375,P3750,HAS_PAYMENT_INSTRUMENT
C0376,D3760,USES_DEVICE
C0376,D3761,USES_DEVICE
C0376,I3760,USES_IP
C0376,I3761,USES_IP
C0376,I3762,USES_IP
C0376,P3760,HAS_PAYMENT_INSTRUMENT
C0376,P3761,HAS_PAYMENT_INSTRUMENT
C0377,D3770,USES_DEVICE
C0377,I3770,USES_IP
C0377,I3771,USES_IP
C0377,P3770,HAS_PAYMENT_INSTRUMENT
C0378,D3780,USES_DEVICE
C0378,D3781,USES_DEVICE
C0378,I3780,USES_IP
C0378,P3780,HAS_PAYMENT_INSTRUMENT
C0379,D3790,USES_DEVICE
C0379,I0075,USES_IP
C0379,P3790,HAS_PAYMENT_INSTRUMENT
C0379,P3791,HAS_PAYMENT_INSTRUMENT
C0380,D3800,USES_DEVICE
C0380,D3801,USES_DEVICE
C0380,D3802,USES_DEVICE
C0380,I3800,USES_IP
C0380,I3801,USES_IP
C0380,P3800,HAS_PAYMENT_INSTRUMENT
C0381,D3810,USES_DEVICE
C0381,D3811,USES_DEVICE
C0381,I3810,USES_IP
C0381,I3811,USES_IP
C0381,I3812,USES_IP
C0381,P3810,HAS_PAYMENT_INSTRUMENT
C0381,P3811,HAS_PAYMENT_INSTRUMENT
C0382,D3820,USES_DEVICE
C0382,D3821,USES_DEVICE
C0382,I3820,USES_IP
C0382,I0076,USES_IP
C0382,P3820,HAS_PAYMENT_INSTRUMENT
C0382,P3821,HAS_PAYMENT_INSTRUMENT
C0383,D3830,USES_DEVICE
C0383,D3831,USES_DEVICE
C0383,D3832,USES_DEVICE
C0383,I3830,USES_IP
C0383,I3831,USES_IP
C0383,P3830,HAS_PAYMENT_INSTRUMENT
C0383,P3831,HAS_PAYMENT_INSTRUMENT
C0384,D3840,USES_DEVICE
C0384,I3840,USES_IP
C0384,P3840,HAS_PAYMENT_INSTRUMENT
C0384,P3841,HAS_PAYMENT_INSTRUMENT
C0385,D3850,USES_DEVICE
C0385,D3851,USES_DEVICE
C0385,I0077,USES_IP
C0385,I3851,USES_IP
C0385,I3852,USES_IP
C0385,P3850,HAS_PAYMENT_INSTRUMENT
C0385,P3851,HAS_PAYMENT_INSTRUMENT
C0386,D3860,USES_DEVICE
C0386,D3861,USES_DEVICE
C0386,D3862,USES_DEVICE
C0386,I3860,USES_IP
C0386,I3861,USES_IP
C0386,P3860,HAS_PAYMENT_INSTRUMENT
C0386,P3861,HAS_PAYMENT_INSTRUMENT
C0387,D3870,USES_DEVICE
C0387,I3870,USES_IP
C0387,I3871,USES_IP
C0387,I3872,USES_IP
C0387,P3870,HAS_PAYMENT_INSTRUMENT
C0387,P3871,HAS_PAYMENT_INSTRUMENT
C0388,D3880,USES_DEVICE
C0388,D3881,USES_DEVICE
C0388,D3882,USES_DEVICE
C0388,I3880,USES_IP
C0388,I3881,USES_IP
C0388,P3880,HAS_PAYMENT_INSTRUMENT
C0389,D3890,USES_DEVICE
C0389,I3890,USES_IP
C0389,P3890,HAS_PAYMENT_INSTRUMENT
C0389,P3891,HAS_PAYMENT_INSTRUMENT
C0390,D3900,USES_DEVICE
C0390,D3901,USES_DEVICE
C0390,D3902,USES_DEVICE
C0390,I3900,USES_IP
C0390,I3901,USES_IP
C0390,P3900,HAS_PAYMENT_INSTRUMENT
C0390,P3901,HAS_PAYMENT_INSTRUMENT
C0391,D3910,USES_DEVICE
C0391,D3911,USES_DEVICE
C0391,D3912,USES_DEVICE
C0391,I0078,USES_IP
C0391,P3910,HAS_PAYMENT_INSTRUMENT
C0392,D3920,USES_DEVICE
C0392,D3921,USES_DEVICE
C0392,D3922,USES_DEVICE
C0392,I3920,USES_IP
C0392,I3921,USES_IP
C0392,P3920,HAS_PAYMENT_INSTRUMENT
C0393,D3930,USES_DEVICE
C0393,D3931,USES_DEVICE
C0393,D3932,USES_DEVICE
C0393,I3930,USES_IP
C0393,I3931,USES_IP
C0393,I3932,USES_IP
C0393,P3930,HAS_PAYMENT_INSTRUMENT
C0393,P3931,HAS_PAYMENT_INSTRUMENT
C0394,D3940,USES_DEVICE
C0394,D3941,USES_DEVICE
C0394,D3942,USES_DEVICE
C0394,I3940,USES_IP
C0394,I3941,USES_IP
C0394,I3942,USES_IP
C0394,P3940,HAS_PAYMENT_INSTRUMENT
C0394,P3941,HAS_PAYMENT_INSTRUMENT
C0395,D3950,USES_DEVICE
C0395,D3951,USES_DEVICE
C0395,D3952,USES_DEVICE
C0395,I3950,USES_IP
C0395,I3951,USES_IP
C0395,I3952,USES_IP
C0395,P3950,HAS_PAYMENT_INSTRUMENT
C0396,D3960,USES_DEVICE
C0396,D3961,USES_DEVICE
C0396,I3960,USES_IP
C0396,I3961,USES_IP
C0396,I3962,USES_IP
C0396,P3960,HAS_PAYMENT_INSTRUMENT
C0397,D3970,USES_DEVICE
C0397,D3971,USES_DEVICE
C0397,D3972,USES_DEVICE
C0397,I3970,USES_IP
C0397,I3971,USES_IP
C0397,P3970,HAS_PAYMENT_INSTRUMENT
C0398,D3980,USES_DEVICE
C0398,D3981,USES_DEVICE
C0398,D3982,USES_DEVICE
C0398,I3980,USES_IP
C0398,P3980,HAS_PAYMENT_INSTRUMENT
C0399,D3990,USES_DEVICE
C0399,D3991,USES_DEVICE
C0399,D3992,USES_DEVICE
C0399,I3990,USES_IP
C0399,I3991,USES_IP
C0399,I3992,USES_IP
C0399,P3990,HAS_PAYMENT_INSTRUMENT
C0400,D4000,USES_DEVICE
C0400,I4000,USES_IP
C0400,I4001,USES_IP
C0400,I0080,USES_IP
C0400,P4000,HAS_PAYMENT_INSTRUMENT
C0400,P4001,HAS_PAYMENT_INSTRUMENT
C0401,D4010,USES_DEVICE
C0401,D4011,USES_DEVICE
C0401,I4010,USES_IP
C0401,P4010,HAS_PAYMENT_INSTRUMENT
C0402,D4020,USES_DEVICE
C0402,D4021,USES_DEVICE
C0402,I4020,USES_IP
C0402,I4021,USES_IP
C0402,I4022,USES_IP
C0402,P4020,HAS_PAYMENT_INSTRUMENT
C0403,D4030,USES_DEVICE
C0403,D4031,USES_DEVICE
C0403,D4032,USES_DEVICE
C0403,I4030,USES_IP
C0403,P4030,HAS_PAYMENT_INSTRUMENT
C0403,P4031,HAS_PAYMENT_INSTRUMENT
C0404,D4040,USES_DEVICE
C0404,D4041,USES_DEVICE
C0404,D4042,USES_DEVICE
C0404,I4040,USES_IP
C0404,I4041,USES_IP
C0404,P4040,HAS_PAYMENT_INSTRUMENT
C0405,D4050,USES_DEVICE
C0405,D4051,USES_DEVICE
C0405,I4050,USES_IP
C0405,I4051,USES_IP
C0405,I4052,USES_IP
C0405,P4050,HAS_PAYMENT_INSTRUMENT
C0405,P4051,HAS_PAYMENT_INSTRUMENT
C0406,D4060,USES_DEVICE
C0406,D4061,USES_DEVICE
C0406,D4062,USES_DEVICE
C0406,I4060,USES_IP
C0406,I4061,USES_IP
C0406,P4060,HAS_PAYMENT_INSTRUMENT
C0406,P4061,HAS_PAYMENT_INSTRUMENT
C0407,D4070,USES_DEVICE
C0407,I4070,USES_IP
C0407,I4071,USES_IP
C0407,P4070,HAS_PAYMENT_INSTRUMENT
C0407,P4071,HAS_PAYMENT_INSTRUMENT
C0408,D4080,USES_DEVICE
C0408,D4081,USES_DEVICE
C0408,I4080,USES_IP
C0408,I4081,USES_IP
C0408,P4080,HAS_PAYMENT_INSTRUMENT
C0408,P4081,HAS_PAYMENT_INSTRUMENT
C0409,D4090,USES_DEVICE
C0409,D4091,USES_DEVICE
C0409,I4090,USES_IP
C0409,P4090,HAS_PAYMENT_INSTRUMENT
C0409,P4091,HAS_PAYMENT_INSTRUMENT
C0410,D4100,USES_DEVICE
C0410,D4101,USES_DEVICE
C0410,I4100,USES_IP
C0410,I4101,USES_IP
C0410,P4100,HAS_PAYMENT_INSTRUMENT
C0410,P4101,HAS_PAYMENT_INSTRUMENT
C0411,D4110,USES_DEVICE
C0411,I4110,USES_IP
C0411,I0082,USES_IP
C0411,P4110,HAS_PAYMENT_INSTRUMENT
C0411,P4111,HAS_PAYMENT_INSTRUMENT
C0412,D4120,USES_DEVICE
C0412,D4121,USES_DEVICE
C0412,D4122,USES_DEVICE
C0412,I4120,USES_IP
C0412,I4121,USES_IP
C0412,P4120,HAS_PAYMENT_INSTRUMENT
C0412,P4121,HAS_PAYMENT_INSTRUMENT
C0413,D4130,USES_DEVICE
C0413,D4131,USES_DEVICE
C0413,D4132,USES_DEVICE
C0413,I4130,USES_IP
C0413,I4131,USES_IP
C0413,I4132,USES_IP
C0413,P4130,HAS_PAYMENT_INSTRUMENT
C0414,D4140,USES_DEVICE
C0414,I4140,USES_IP
C0414,P4140,HAS_PAYMENT_INSTRUMENT
C0415,D4150,USES_DEVICE
C0415,D4151,USES_DEVICE
C0415,D4152,USES_DEVICE
C0415,I0083,USES_IP
C0415,P4150,HAS_PAYMENT_INSTRUMENT
C0415,P4151,HAS_PAYMENT_INSTRUMENT
C0416,D4160,USES_DEVICE
C0416,D4161,USES_DEVICE
C0416,I4160,USES_IP
C0416,I4161,USES_IP
C0416,I4162,USES_IP
C0416,P4160,HAS_PAYMENT_INSTRUMENT
C0417,D4170,USES_DEVICE
C0417,D4171,USES_DEVICE
C0417,I4170,USES_IP
C0417,I4171,USES_IP
C0417,I4172,USES_IP
C0417,P4170,HAS_PAYMENT_INSTRUMENT
C0418,D4180,USES_DEVICE
C0418,D4181,USES_DEVICE
C0418,I4180,USES_IP
C0418,I0083,USES_IP
C0418,P4180,HAS_PAYMENT_INSTRUMENT
C0419,D4190,USES_DEVICE
C0419,D4191,USES_DEVICE
C0419,D4192,USES_DEVICE
C0419,I4190,USES_IP
C0419,I4191,USES_IP
C0419,I4192,USES_IP
C0419,P4190,HAS_PAYMENT_INSTRUMENT
C0420,D4200,USES_DEVICE
C0420,I4200,USES_IP
C0420,I4201,USES_IP
C0420,P4200,HAS_PAYMENT_INSTRUMENT
C0421,D4210,USES_DEVICE
C0421,D4211,USES_DEVICE
C0421,I4210,USES_IP
C0421,I4211,USES_IP
C0421,P4210,HAS_PAYMENT_INSTRUMENT
C0421,P4211,HAS_PAYMENT_INSTRUMENT
C0422,D4220,USES_DEVICE
C0422,I4220,USES_IP
C0422,P4220,HAS_PAYMENT_INSTRUMENT
C0423,D4230,USES_DEVICE
C0423,D4231,USES_DEVICE
C0423,I4230,USES_IP
C0423,I4231,USES_IP
C0423,P4230,HAS_PAYMENT_INSTRUMENT
C0423,P4231,HAS_PAYMENT_INSTRUMENT
C0424,D4240,USES_DEVICE
C0424,I4240,USES_IP
C0424,I4241,USES_IP
C0424,I4242,USES_IP
C0424,P4240,HAS_PAYMENT_INSTRUMENT
C0425,D4250,USES_DEVICE
C0425,D4251,USES_DEVICE
C0425,D4252,USES_DEVICE
C0425,I4250,USES_IP
C0425,I4251,USES_IP
C0425,P4250,HAS_PAYMENT_INSTRUMENT
C0426,D4260,USES_DEVICE
C0426,D4261,USES_DEVICE
C0426,D4262,USES_DEVICE
C0426,I4260,USES_IP
C0426,I4261,USES_IP
C0426,P4260,HAS_PAYMENT_INSTRUMENT
C0427,D4270,USES_DEVICE
C0427,I4270,USES_IP
C0427,I4271,USES_IP
C0427,I4272,USES_IP
C0427,P4270,HAS_PAYMENT_INSTRUMENT
C0427,P4271,HAS_PAYMENT_INSTRUMENT
C0428,D4280,USES_DEVICE
C0428,I4280,USES_IP
C0428,I4281,USES_IP
C0428,P4280,HAS_PAYMENT_INSTRUMENT
C0429,D4290,USES_DEVICE
C0429,D4291,USES_DEVICE
C0429,I4290,USES_IP
C0429,I0085,USES_IP
C0429,P4290,HAS_PAYMENT_INSTRUMENT
C0429,P4291,HAS_PAYMENT_INSTRUMENT
C0430,D4300,USES_DEVICE
C0430,I4300,USES_IP
C0430,I4301,USES_IP
C0430,P4300,HAS_PAYMENT_INSTRUMENT
C0430,P4301,HAS_PAYMENT_INSTRUMENT
C0431,D4310,USES_DEVICE
C0431,D4311,USES_DEVICE
C0431,D4312,USES_DEVICE
C0431,I4310,USES_IP
C0431,I4311,USES_IP
C0431,I4312,USES_IP
C0431,P4310,HAS_PAYMENT_INSTRUMENT
C0432,D4320,USES_DEVICE
C0432,I4320,USES_IP
C0432,I4321,USES_IP
C0432,I4322,USES_IP
C0432,P4320,HAS_PAYMENT_INSTRUMENT
C0432,P4321,HAS_PAYMENT_INSTRUMENT
C0433,D4330,USES_DEVICE
C0433,D4331,USES_DEVICE
C0433,D4332,USES_DEVICE
C0433,I4330,USES_IP
C0433,P4330,HAS_PAYMENT_INSTRUMENT
C0433,P4331,HAS_PAYMENT_INSTRUMENT
C0434,D4340,USES_DEVICE
C0434,D4341,USES_DEVICE
C0434,I4340,USES_IP
C0434,I4341,USES_IP
C0434,I4342,USES_IP
C0434,P4340,HAS_PAYMENT_INSTRUMENT
C0434,P4341,HAS_PAYMENT_INSTRUMENT
C0435,D4350,USES_DEVICE
C0435,D4351,USES_DEVICE
C0435,D4352,USES_DEVICE
C0435,I4350,USES_IP
C0435,I4351,USES_IP
C0435,I4352,USES_IP
C0435,P4350,HAS_PAYMENT_INSTRUMENT
C0436,D4360,USES_DEVICE
C0436,I4360,USES_IP
C0436,I4361,USES_IP
C0436,I0087,USES_IP
C0436,P4360,HAS_PAYMENT_INSTRUMENT
C0436,P4361,HAS_PAYMENT_INSTRUMENT
C0437,D4370,USES_DEVICE
C0437,D4371,USES_DEVICE
C0437,D4372,USES_DEVICE
C0437,I4370,USES_IP
C0437,I4371,USES_IP
C0437,I4372,USES_IP
C0437,P4370,HAS_PAYMENT_INSTRUMENT
C0438,D4380,USES_DEVICE
C0438,D4381,USES_DEVICE
C0438,D4382,USES_DEVICE
C0438,I4380,USES_IP
C0438,I4381,USES_IP
C0438,I4382,USES_IP
C0438,P4380,HAS_PAYMENT_INSTRUMENT
C0439,D4390,USES_DEVICE
C0439,D4391,USES_DEVICE
C0439,D4392,USES_DEVICE
C0439,I4390,USES_IP
C0439,P4390,HAS_PAYMENT_INSTRUMENT
C0439,P4391,HAS_PAYMENT_INSTRUMENT
C0440,D4400,USES_DEVICE
C0440,I4400,USES_IP
C0440,I0088,USES_IP
C0440,I4402,USES_IP
C0440,P4400,HAS_PAYMENT_INSTRUMENT
C0440,P4401,HAS_PAYMENT_INSTRUMENT
C0441,D4410,USES_DEVICE
C0441,D4411,USES_DEVICE
C0441,I0088,USES_IP
C0441,I4411,USES_IP
C0441,I4412,USES_IP
C0441,P4410,HAS_PAYMENT_INSTRUMENT
C0442,D4420,USES_DEVICE
C0442,D4421,USES_DEVICE
C0442,I4420,USES_IP
C0442,I4421,USES_IP
C0442,P4420,HAS_PAYMENT_INSTRUMENT
C0443,D4430,USES_DEVICE
C0443,I4430,USES_IP
C0443,I0088,USES_IP
C0443,P4430,HAS_PAYMENT_INSTRUMENT
C0444,D4440,USES_DEVICE
C0444,I0088,USES_IP
C0444,I4441,USES_IP
C0444,P4440,HAS_PAYMENT_INSTRUMENT
C0445,D4450,USES_DEVICE
C0445,D4451,USES_DEVICE
C0445,D4452,USES_DEVICE
C0445,I4450,USES_IP
C0445,I4451,USES_IP
C0445,I4452,USES_IP
C0445,P4450,HAS_PAYMENT_INSTRUMENT
C0445,P4451,HAS_PAYMENT_INSTRUMENT
C0446,D4460,USES_DEVICE
C0446,D4461,USES_DEVICE
C0446,I4460,USES_IP
C0446,I4461,USES_IP
C0446,P4460,HAS_PAYMENT_INSTRUMENT
C0447,D4470,USES_DEVICE
C0447,D4471,USES_DEVICE
C0447,D4472,USES_DEVICE
C0447,I4470,USES_IP
C0447,I4471,USES_IP
C0447,P4470,HAS_PAYMENT_INSTRUMENT
C0447,P4471,HAS_PAYMENT_INSTRUMENT
C0448,D4480,USES_DEVICE
C0448,D4481,USES_DEVICE
C0448,D4482,USES_DEVICE
C0448,I4480,USES_IP
C0448,P4480,HAS_PAYMENT_INSTRUMENT
C0449,D4490,USES_DEVICE
C0449,I4490,USES_IP
C0449,P4490,HAS_PAYMENT_INSTRUMENT
C0449,P4491,HAS_PAYMENT_INSTRUMENT
C0450,D4500,USES_DEVICE
C0450,D4501,USES_DEVICE
C0450,D4502,USES_DEVICE
C0450,I4500,USES_IP
C0450,I4501,USES_IP
C0450,I4502,USES_IP
C0450,P4500,HAS_PAYMENT_INSTRUMENT
C0451,D4510,USES_DEVICE
C0451,D4511,USES_DEVICE
C0451,I4510,USES_IP
C0451,I4511,USES_IP
C0451,P4510,HAS_PAYMENT_INSTRUMENT
C0452,D4520,USES_DEVICE
C0452,I4520,USES_IP
C0452,I4521,USES_IP
C0452,I4522,USES_IP
C0452,P4520,HAS_PAYMENT_INSTRUMENT
C0453,D4530,USES_DEVICE
C0453,I0090,USES_IP
C0453,P4530,HAS_PAYMENT_INSTRUMENT
C0454,D4540,USES_DEVICE
C0454,D4541,USES_DEVICE
C0454,I4540,USES_IP
C0454,I4541,USES_IP
C0454,I4542,USES_IP
C0454,P4540,HAS_PAYMENT_INSTRUMENT
C0455,D4550,USES_DEVICE
C0455,D4551,USES_DEVICE
C0455,I4550,USES_IP
C0455,I4551,USES_IP
C0455,P4550,HAS_PAYMENT_INSTRUMENT
C0456,D4560,USES_DEVICE
C0456,I4560,USES_IP
C0456,I4561,USES_IP
C0456,I4562,USES_IP
C0456,P4560,HAS_PAYMENT_INSTRUMENT
C0456,P4561,HAS_PAYMENT_INSTRUMENT
C0457,D4570,USES_DEVICE
C0457,D4571,USES_DEVICE
C0457,D4572,USES_DEVICE
C0457,I4570,USES_IP
C0457,I4571,USES_IP
C0457,I4572,USES_IP
C0457,P4570,HAS_PAYMENT_INSTRUMENT
C0458,D4580,USES_DEVICE
C0458,D4581,USES_DEVICE
C0458,D4582,USES_DEVICE
C0458,I4580,USES_IP
C0458,I4581,USES_IP
C0458,I0091,USES_IP
C0458,P4580,HAS_PAYMENT_INSTRUMENT
C0459,D4590,USES_DEVICE
C0459,D4591,USES_DEVICE
C0459,D4592,USES_DEVICE
C0459,I4590,USES_IP
C0459,I4591,USES_IP
C0459,I4592,USES_IP
C0459,P4590,HAS_PAYMENT_INSTRUMENT
C0459,P4591,HAS_PAYMENT_INSTRUMENT
C0460,D4600,USES_DEVICE
C0460,D4601,USES_DEVICE
C0460,D4602,USES_DEVICE
C0460,I4600,USES_IP
C0460,I4601,USES_IP
C0460,P4600,HAS_PAYMENT_INSTRUMENT
C0460,P4601,HAS_PAYMENT_INSTRUMENT
C0461,D4610,USES_DEVICE
C0461,D4611,USES_DEVICE
C0461,I4610,USES_IP
C0461,P4610,HAS_PAYMENT_INSTRUMENT
C0461,P4611,HAS_PAYMENT_INSTRUMENT
C0462,D4620,USES_DEVICE
C0462,I4620,USES_IP
C0462,P4620,HAS_PAYMENT_INSTRUMENT
C0463,D4630,USES_DEVICE
C0463,D4631,USES_DEVICE
C0463,I4630,USES_IP
C0463,P4630,HAS_PAYMENT_INSTRUMENT
C0463,P4631,HAS_PAYMENT_INSTRUMENT
C0464,D4640,USES_DEVICE
C0464,D4641,USES_DEVICE
C0464,D4642,USES_DEVICE
C0464,I4640,USES_IP
C0464,I4641,USES_IP
C0464,I4642,USES_IP
C0464,P4640,HAS_PAYMENT_INSTRUMENT
C0465,D4650,USES_DEVICE
C0465,D4651,USES_DEVICE
C0465,I0093,USES_IP
C0465,I4651,USES_IP
C0465,P4650,HAS_PAYMENT_INSTRUMENT
C0466,D4660,USES_DEVICE
C0466,I4660,USES_IP
C0466,I4661,USES_IP
C0466,P4660,HAS_PAYMENT_INSTRUMENT
C0467,D4670,USES_DEVICE
C0467,I4670,USES_IP
C0467,P4670,HAS_PAYMENT_INSTRUMENT
C0468,D4680,USES_DEVICE
C0468,D4681,USES_DEVICE
C0468,I4680,USES_IP
C0468,P4680,HAS_PAYMENT_INSTRUMENT
C0468,P4681,HAS_PAYMENT_INSTRUMENT
C0469,D4690,USES_DEVICE
C0469,D4691,USES_DEVICE
C0469,I4690,USES_IP
C0469,P4690,HAS_PAYMENT_INSTRUMENT
C0470,D4700,USES_DEVICE
C0470,D4701,USES_DEVICE
C0470,D4702,USES_DEVICE
C0470,I4700,USES_IP
C0470,P4700,HAS_PAYMENT_INSTRUMENT
C0470,P4701,HAS_PAYMENT_INSTRUMENT
C0471,D4710,USES_DEVICE
C0471,I4710,USES_IP
C0471,I4711,USES_IP
C0471,I4712,USES_IP
C0471,P4710,HAS_PAYMENT_INSTRUMENT
C0471,P4711,HAS_PAYMENT_INSTRUMENT
C0472,D4720,USES_DEVICE
C0472,D4721,USES_DEVICE
C0472,I4720,USES_IP
C0472,I4721,USES_IP
C0472,P4720,HAS_PAYMENT_INSTRUMENT
C0472,P4721,HAS_PAYMENT_INSTRUMENT
C0473,D4730,USES_DEVICE
C0473,D4731,USES_DEVICE
C0473,I4730,USES_IP
C0473,I4731,USES_IP
C0473,P4730,HAS_PAYMENT_INSTRUMENT
C0474,D4740,USES_DEVICE
C0474,D4741,USES_DEVICE
C0474,D4742,USES_DEVICE
C0474,I4740,USES_IP
C0474,I4741,USES_IP
C0474,P4740,HAS_PAYMENT_INSTRUMENT
C0475,D4750,USES_DEVICE
C0475,D4751,USES_DEVICE
C0475,I4750,USES_IP
C0475,I4751,USES_IP
C0475,P4750,HAS_PAYMENT_INSTRUMENT
C0476,D4760,USES_DEVICE
C0476,D4761,USES_DEVICE
C0476,D4762,USES_DEVICE
C0476,I0095,USES_IP
C0476,P4760,HAS_PAYMENT_INSTRUMENT
C0476,P4761,HAS_PAYMENT_INSTRUMENT
C0477,D4770,USES_DEVICE
C0477,D4771,USES_DEVICE
C0477,I4770,USES_IP
C0477,P4770,HAS_PAYMENT_INSTRUMENT
C0478,D4780,USES_DEVICE
C0478,D4781,USES_DEVICE
C0478,I4780,USES_IP
C0478,I4781,USES_IP
C0478,I4782,USES_IP
C0478,P4780,HAS_PAYMENT_INSTRUMENT
C0478,P4781,HAS_PAYMENT_INSTRUMENT
C0479,D4790,USES_DEVICE
C0479,D4791,USES_DEVICE
C0479,I4790,USES_IP
C0479,I4791,USES_IP
C0479,P4790,HAS_PAYMENT_INSTRUMENT
C0479,P4791,HAS_PAYMENT_INSTRUMENT
C0480,D4800,USES_DEVICE
C0480,D4801,USES_DEVICE
C0480,I4800,USES_IP
C0480,P4800,HAS_PAYMENT_INSTRUMENT
C0480,P4801,HAS_PAYMENT_INSTRUMENT
C0481,D4810,USES_DEVICE
C0481,I4810,USES_IP
C0481,P4810,HAS_PAYMENT_INSTRUMENT
C0481,P4811,HAS_PAYMENT_INSTRUMENT
C0482,D4820,USES_DEVICE
C0482,I4820,USES_IP
C0482,I4821,USES_IP
C0482,I4822,USES_IP
C0482,P4820,HAS_PAYMENT_INSTRUMENT
C0483,D4830,USES_DEVICE
C0483,D4831,USES_DEVICE
C0483,D4832,USES_DEVICE
C0483,I4830,USES_IP
C0483,P4830,HAS_PAYMENT_INSTRUMENT
C0483,P4831,HAS_PAYMENT_INSTRUMENT
C0484,D4840,USES_DEVICE
C0484,I4840,USES_IP
C0484,I4841,USES_IP
C0484,I0096,USES_IP
C0484,P4840,HAS_PAYMENT_INSTRUMENT
C0484,P4841,HAS_PAYMENT_INSTRUMENT
C0485,D4850,USES_DEVICE
C0485,D4851,USES_DEVICE
C0485,I4850,USES_IP
C0485,P4850,HAS_PAYMENT_INSTRUMENT
C0485,P4851,HAS_PAYMENT_INSTRUMENT
C0486,D4860,USES_DEVICE
C0486,D4861,USES_DEVICE
C0486,D4862,USES_DEVICE
C0486,I0097,USES_IP
C0486,I4861,USES_IP
C0486,P4860,HAS_PAYMENT_INSTRUMENT
C0486,P4861,HAS_PAYMENT_INSTRUMENT
C0487,D4870,USES_DEVICE
C0487,I4870,USES_IP
C0487,P4870,HAS_PAYMENT_INSTRUMENT
C0487,P4871,HAS_PAYMENT_INSTRUMENT
C0488,D4880,USES_DEVICE
C0488,D4881,USES_DEVICE
C0488,D4882,USES_DEVICE
C0488,I0097,USES_IP
C0488,I4881,USES_IP
C0488,P4880,HAS_PAYMENT_INSTRUMENT
C0488,P4881,HAS_PAYMENT_INSTRUMENT
C0489,D4890,USES_DEVICE
C0489,I4890,USES_IP
C0489,P4890,HAS_PAYMENT_INSTRUMENT
C0490,D4900,USES_DEVICE
C0490,I4900,USES_IP
C0490,P4900,HAS_PAYMENT_INSTRUMENT
C0490,P4901,HAS_PAYMENT_INSTRUMENT
C0491,D4910,USES_DEVICE
C0491,D4911,USES_DEVICE
C0491,I4910,USES_IP
C0491,I0098,USES_IP
C0491,P4910,HAS_PAYMENT_INSTRUMENT
C0491,P4911,HAS_PAYMENT_INSTRUMENT
C0492,D4920,USES_DEVICE
C0492,D4921,USES_DEVICE
C0492,I4920,USES_IP
C0492,I4921,USES_IP
C0492,I4922,USES_IP
C0492,P4920,HAS_PAYMENT_INSTRUMENT
C0493,D4930,USES_DEVICE
C0493,D4931,USES_DEVICE
C0493,D4932,USES_DEVICE
C0493,I4930,USES_IP
C0493,I0098,USES_IP
C0493,I4932,USES_IP
C0493,P4930,HAS_PAYMENT_INSTRUMENT
C0493,P4931,HAS_PAYMENT_INSTRUMENT
C0494,D4940,USES_DEVICE
C0494,I0098,USES_IP
C0494,I4941,USES_IP
C0494,I4942,USES_IP
C0494,P4940,HAS_PAYMENT_INSTRUMENT
C0494,P4941,HAS_PAYMENT_INSTRUMENT
C0495,D4950,USES_DEVICE
C0495,D4951,USES_DEVICE
C0495,D4952,USES_DEVICE
C0495,I4950,USES_IP
C0495,I4951,USES_IP
C0495,P4950,HAS_PAYMENT_INSTRUMENT
C0496,D4960,USES_DEVICE
C0496,D4961,USES_DEVICE
C0496,D4962,USES_DEVICE
C0496,I4960,USES_IP
C0496,P4960,HAS_PAYMENT_INSTRUMENT
C0496,P4961,HAS_PAYMENT_INSTRUMENT
C0497,D4970,USES_DEVICE
C0497,D4971,USES_DEVICE
C0497,I4970,USES_IP
C0497,P4970,HAS_PAYMENT_INSTRUMENT
C0497,P4971,HAS_PAYMENT_INSTRUMENT
C0498,D4980,USES_DEVICE
C0498,D4981,USES_DEVICE
C0498,D4982,USES_DEVICE
C0498,I4980,USES_IP
C0498,I4981,USES_IP
C0498,I4982,USES_IP
C0498,P4980,HAS_PAYMENT_INSTRUMENT
C0499,D4990,USES_DEVICE
C0499,I4990,USES_IP
C0499,I4991,USES_IP
C0499,I4992,USES_IP
C0499,P4990,HAS_PAYMENT_INSTRUMENT
C0500,D5000,USES_DEVICE
C0500,D5001,USES_DEVICE
C0500,I5000,USES_IP
C0500,P5000,HAS_PAYMENT_INSTRUMENT
C0500,P5001,HAS_PAYMENT_INSTRUMENT
C0501,D5010,USES_DEVICE
C0501,D5011,USES_DEVICE
C0501,D5012,USES_DEVICE
C0501,I5010,USES_IP
C0501,I5011,USES_IP
C0501,I5012,USES_IP
C0501,P5010,HAS_PAYMENT_INSTRUMENT
C0502,D5020,USES_DEVICE
C0502,D5021,USES_DEVICE
C0502,D5022,USES_DEVICE
C0502,I5020,USES_IP
C0502,I0100,USES_IP
C0502,I5022,USES_IP
C0502,P5020,HAS_PAYMENT_INSTRUMENT
C0503,D5030,USES_DEVICE
C0503,D5031,USES_DEVICE
C0503,I5030,USES_IP
C0503,I5031,USES_IP
C0503,I5032,USES_IP
C0503,P5030,HAS_PAYMENT_INSTRUMENT
C0503,P5031,HAS_PAYMENT_INSTRUMENT
C0504,D5040,USES_DEVICE
C0504,I5040,USES_IP
C0504,I5041,USES_IP
C0504,I5042,USES_IP
C0504,P5040,HAS_PAYMENT_INSTRUMENT
C0504,P5041,HAS_PAYMENT_INSTRUMENT
C0505,D5050,USES_DEVICE
C0505,D5051,USES_DEVICE
C0505,D5052,USES_DEVICE
C0505,I5050,USES_IP
C0505,I5051,USES_IP
C0505,P5050,HAS_PAYMENT_INSTRUMENT
C0505,P5051,HAS_PAYMENT_INSTRUMENT
C0506,D5060,USES_DEVICE
C0506,I5060,USES_IP
C0506,I5061,USES_IP
C0506,I0101,USES_IP
C0506,P5060,HAS_PAYMENT_INSTRUMENT
C0506,P5061,HAS_PAYMENT_INSTRUMENT
C0507,D5070,USES_DEVICE
C0507,I5070,USES_IP
C0507,I5071,USES_IP
C0507,P5070,HAS_PAYMENT_INSTRUMENT
C0507,P5071,HAS_PAYMENT_INSTRUMENT
C0508,D5080,USES_DEVICE
C0508,D5081,USES_DEVICE
C0508,I5080,USES_IP
C0508,I0101,USES_IP
C0508,P5080,HAS_PAYMENT_INSTRUMENT
C0508,P5081,HAS_PAYMENT_INSTRUMENT
C0509,D5090,USES_DEVICE
C0509,D5091,USES_DEVICE
C0509,I5090,USES_IP
C0509,I5091,USES_IP
C0509,P5090,HAS_PAYMENT_INSTRUMENT
C0510,D5100,USES_DEVICE
C0510,I5100,USES_IP
C0510,I5101,USES_IP
C0510,P5100,HAS_PAYMENT_INSTRUMENT
C0510,P5101,HAS_PAYMENT_INSTRUMENT
C0511,D5110,USES_DEVICE
C0511,I0102,USES_IP
C0511,P5110,HAS_PAYMENT_INSTRUMENT
C0512,D5120,USES_DEVICE
C0512,D5121,USES_DEVICE
C0512,D5122,USES_DEVICE
C0512,I5120,USES_IP
C0512,I5121,USES_IP
C0512,I0102,USES_IP
C0512,P5120,HAS_PAYMENT_INSTRUMENT
C0512,P5121,HAS_PAYMENT_INSTRUMENT
C0513,D5130,USES_DEVICE
C0513,D5131,USES_DEVICE
C0513,I5130,USES_IP
C0513,P5130,HAS_PAYMENT_INSTRUMENT
C0514,D5140,USES_DEVICE
C0514,D5141,USES_DEVICE
C0514,D5142,USES_DEVICE
C0514,I5140,USES_IP
C0514,I5141,USES_IP
C0514,I5142,USES_IP
C0514,P5140,HAS_PAYMENT_INSTRUMENT
C0514,P5141,HAS_PAYMENT_INSTRUMENT
C0515,D5150,USES_DEVICE
C0515,D5151,USES_DEVICE
C0515,I5150,USES_IP
C0515,I5151,USES_IP
C0515,P5150,HAS_PAYMENT_INSTRUMENT
C0515,P5151,HAS_PAYMENT_INSTRUMENT
C0516,D5160,USES_DEVICE
C0516,D5161,USES_DEVICE
C0516,I5160,USES_IP
C0516,I0103,USES_IP
C0516,P5160,HAS_PAYMENT_INSTRUMENT
C0516,P5161,HAS_PAYMENT_INSTRUMENT
C0517,D5170,USES_DEVICE
C0517,I5170,USES_IP
C0517,I5171,USES_IP
C0517,I5172,USES_IP
C0517,P5170,HAS_PAYMENT_INSTRUMENT
C0518,D5180,USES_DEVICE
C0518,I0103,USES_IP
C0518,I5181,USES_IP
C0518,P5180,HAS_PAYMENT_INSTRUMENT
C0518,P5181,HAS_PAYMENT_INSTRUMENT
C0519,D5190,USES_DEVICE
C0519,D5191,USES_DEVICE
C0519,I5190,USES_IP
C0519,I5191,USES_IP
C0519,P5190,HAS_PAYMENT_INSTRUMENT
C0520,D5200,USES_DEVICE
C0520,D5201,USES_DEVICE
C0520,I5200,USES_IP
C0520,I5201,USES_IP
C0520,P5200,HAS_PAYMENT_INSTRUMENT
C0520,P5201,HAS_PAYMENT_INSTRUMENT
C0521,D5210,USES_DEVICE
C0521,D5211,USES_DEVICE
C0521,I5210,USES_IP
C0521,P5210,HAS_PAYMENT_INSTRUMENT
C0521,P5211,HAS_PAYMENT_INSTRUMENT
C0522,D5220,USES_DEVICE
C0522,D5221,USES_DEVICE
C0522,I5220,USES_IP
C0522,I5221,USES_IP
C0522,I5222,USES_IP
C0522,P5220,HAS_PAYMENT_INSTRUMENT
C0523,D5230,USES_DEVICE
C0523,D5231,USES_DEVICE
C0523,I5230,USES_IP
C0523,I5231,USES_IP
C0523,P5230,HAS_PAYMENT_INSTRUMENT
C0523,P5231,HAS_PAYMENT_INSTRUMENT
C0524,D5240,USES_DEVICE
C0524,I5240,USES_IP
C0524,I5241,USES_IP
C0524,I5242,USES_IP
C0524,P5240,HAS_PAYMENT_INSTRUMENT
C0525,D5250,USES_DEVICE
C0525,D5251,USES_DEVICE
C0525,D5252,USES_DEVICE
C0525,I5250,USES_IP
C0525,I5251,USES_IP
C0525,P5250,HAS_PAYMENT_INSTRUMENT
C0525,P5251,HAS_PAYMENT_INSTRUMENT
C0526,D5260,USES_DEVICE
C0526,D5261,USES_DEVICE
C0526,D5262,USES_DEVICE
C0526,I5260,USES_IP
C0526,P5260,HAS_PAYMENT_INSTRUMENT
C0526,P5261,HAS_PAYMENT_INSTRUMENT
C0527,D5270,USES_DEVICE
C0527,D5271,USES_DEVICE
C0527,D5272,USES_DEVICE
C0527,I5270,USES_IP
C0527,I5271,USES_IP
C0527,P5270,HAS_PAYMENT_INSTRUMENT
C0527,P5271,HAS_PAYMENT_INSTRUMENT
C0528,D5280,USES_DEVICE
C0528,D5281,USES_DEVICE
C0528,D5282,USES_DEVICE
C0528,I5280,USES_IP
C0528,P5280,HAS_PAYMENT_INSTRUMENT
C0528,P5281,HAS_PAYMENT_INSTRUMENT
C0529,D5290,USES_DEVICE
C0529,I5290,USES_IP
C0529,I5291,USES_IP
C0529,P5290,HAS_PAYMENT_INSTRUMENT
C0529,P5291,HAS_PAYMENT_INSTRUMENT
C0530,D5300,USES_DEVICE
C0530,D5301,USES_DEVICE
C0530,D5302,USES_DEVICE
C0530,I5300,USES_IP
C0530,I5301,USES_IP
C0530,I5302,USES_IP
C0530,P5300,HAS_PAYMENT_INSTRUMENT
C0531,D5310,USES_DEVICE
C0531,D5311,USES_DEVICE
C0531,I5310,USES_IP
C0531,I5311,USES_IP
C0531,I5312,USES_IP
C0531,P5310,HAS_PAYMENT_INSTRUMENT
C0532,D5320,USES_DEVICE
C0532,I5320,USES_IP
C0532,P5320,HAS_PAYMENT_INSTRUMENT
C0532,P5321,HAS_PAYMENT_INSTRUMENT
C0533,D5330,USES_DEVICE
C0533,I5330,USES_IP
C0533,I5331,USES_IP
C0533,I5332,USES_IP
C0533,P5330,HAS_PAYMENT_INSTRUMENT
C0533,P5331,HAS_PAYMENT_INSTRUMENT
C0534,D5340,USES_DEVICE
C0534,D5341,USES_DEVICE
C0534,I5340,USES_IP
C0534,I0106,USES_IP
C0534,P5340,HAS_PAYMENT_INSTRUMENT
C0535,D5350,USES_DEVICE
C0535,D5351,USES_DEVICE
C0535,D5352,USES_DEVICE
C0535,I5350,USES_IP
C0535,I5351,USES_IP
C0535,I5352,USES_IP
C0535,P5350,HAS_PAYMENT_INSTRUMENT
C0535,P5351,HAS_PAYMENT_INSTRUMENT
C0536,D5360,USES_DEVICE
C0536,D5361,USES_DEVICE
C0536,I5360,USES_IP
C0536,I5361,USES_IP
C0536,P5360,HAS_PAYMENT_INSTRUMENT
C0537,D5370,USES_DEVICE
C0537,D5371,USES_DEVICE
C0537,I5370,USES_IP
C0537,P5370,HAS_PAYMENT_INSTRUMENT
C0537,P5371,HAS_PAYMENT_INSTRUMENT
C0538,D5380,USES_DEVICE
C0538,D5381,USES_DEVICE
C0538,I5380,USES_IP
C0538,P5380,HAS_PAYMENT_INSTRUMENT
C0539,D5390,USES_DEVICE
C0539,D5391,USES_DEVICE
C0539,I5390,USES_IP
C0539,I5391,USES_IP
C0539,P5390,HAS_PAYMENT_INSTRUMENT
C0539,P5391,HAS_PAYMENT_INSTRUMENT
C0540,D5400,USES_DEVICE
C0540,D5401,USES_DEVICE
C0540,I0108,USES_IP
C0540,I5401,USES_IP
C0540,P5400,HAS_PAYMENT_INSTRUMENT
C0540,P5401,HAS_PAYMENT_INSTRUMENT
C0541,D5410,USES_DEVICE
C0541,D5411,USES_DEVICE
C0541,I5410,USES_IP
C0541,P5410,HAS_PAYMENT_INSTRUMENT
C0542,D5420,USES_DEVICE
C0542,I5420,USES_IP
C0542,I5421,USES_IP
C0542,P5420,HAS_PAYMENT_INSTRUMENT
C0543,D5430,USES_DEVICE
C0543,D5431,USES_DEVICE
C0543,D5432,USES_DEVICE
C0543,I5430,USES_IP
C0543,P5430,HAS_PAYMENT_INSTRUMENT
C0544,D5440,USES_DEVICE
C0544,D5441,USES_DEVICE
C0544,I5440,USES_IP
C0544,I5441,USES_IP
C0544,I5442,USES_IP
C0544,P5440,HAS_PAYMENT_INSTRUMENT
C0545,D5450,USES_DEVICE
C0545,I5450,USES_IP
C0545,I5451,USES_IP
C0545,I5452,USES_IP
C0545,P5450,HAS_PAYMENT_INSTRUMENT
C0546,D5460,USES_DEVICE
C0546,D5461,USES_DEVICE
C0546,I5460,USES_IP
C0546,I0109,USES_IP
C0546,I5462,USES_IP
C0546,P5460,HAS_PAYMENT_INSTRUMENT
C0546,P5461,HAS_PAYMENT_INSTRUMENT
C0547,D5470,USES_DEVICE
C0547,D5471,USES_DEVICE
C0547,D5472,USES_DEVICE
C0547,I5470,USES_IP
C0547,P5470,HAS_PAYMENT_INSTRUMENT
C0548,D5480,USES_DEVICE
C0548,D5481,USES_DEVICE
C0548,I5480,USES_IP
C0548,I5481,USES_IP
C0548,P5480,HAS_PAYMENT_INSTRUMENT
C0548,P5481,HAS_PAYMENT_INSTRUMENT
C0549,D5490,USES_DEVICE
C0549,D5491,USES_DEVICE
C0549,D5492,USES_DEVICE
C0549,I5490,USES_IP
C0549,I5491,USES_IP
C0549,I5492,USES_IP
C0549,P5490,HAS_PAYMENT_INSTRUMENT
C0550,D5500,USES_DEVICE
C0550,D5501,USES_DEVICE
C0550,I5500,USES_IP
C0550,I5501,USES_IP
C0550,P5500,HAS_PAYMENT_INSTRUMENT
C0550,P5501,HAS_PAYMENT_INSTRUMENT
C0551,D5510,USES_DEVICE
C0551,D5511,USES_DEVICE
C0551,D5512,USES_DEVICE
C0551,I0110,USES_IP
C0551,I5511,USES_IP
C0551,I5512,USES_IP
C0551,P5510,HAS_PAYMENT_INSTRUMENT
C0551,P5511,HAS_PAYMENT_INSTRUMENT
C0552,D5520,USES_DEVICE
C0552,I5520,USES_IP
C0552,P5520,HAS_PAYMENT_INSTRUMENT
C0553,D5530,USES_DEVICE
C0553,D5531,USES_DEVICE
C0553,D5532,USES_DEVICE
C0553,I5530,USES_IP
C0553,I5531,USES_IP
C0553,P5530,HAS_PAYMENT_INSTRUMENT
C0553,P5531,HAS_PAYMENT_INSTRUMENT
C0554,D5540,USES_DEVICE
C0554,D5541,USES_DEVICE
C0554,I5540,USES_IP
C0554,P5540,HAS_PAYMENT_INSTRUMENT
C0555,D5550,USES_DEVICE
C0555,D5551,USES_DEVICE
C0555,D5552,USES_DEVICE
C0555,I5550,USES_IP
C0555,P5550,HAS_PAYMENT_INSTRUMENT
C0556,D5560,USES_DEVICE
C0556,I5560,USES_IP
C0556,I5561,USES_IP
C0556,P5560,HAS_PAYMENT_INSTRUMENT
C0556,P5561,HAS_PAYMENT_INSTRUMENT
C0557,D5570,USES_DEVICE
C0557,I5570,USES_IP
C0557,I5571,USES_IP
C0557,P5570,HAS_PAYMENT_INSTRUMENT
C0557,P5571,HAS_PAYMENT_INSTRUMENT
C0558,D5580,USES_DEVICE
C0558,D5581,USES_DEVICE
C0558,I5580,USES_IP
C0558,I5581,USES_IP
C0558,I5582,USES_IP
C0558,P5580,HAS_PAYMENT_INSTRUMENT
C0559,D5590,USES_DEVICE
C0559,I0111,USES_IP
C0559,I5591,USES_IP
C0559,I5592,USES_IP
C0559,P5590,HAS_PAYMENT_INSTRUMENT
C0559,P5591,HAS_PAYMENT_INSTRUMENT
C0560,D5600,USES_DEVICE
C0560,I5600,USES_IP
C0560,I5601,USES_IP
C0560,I5602,USES_IP
C0560,P5600,HAS_PAYMENT_INSTRUMENT
C0560,P5601,HAS_PAYMENT_INSTRUMENT
C0561,D5610,USES_DEVICE
C0561,D5611,USES_DEVICE
C0561,D5612,USES_DEVICE
C0561,I5610,USES_IP
C0561,I5611,USES_IP
C0561,I5612,USES_IP
C0561,P5610,HAS_PAYMENT_INSTRUMENT
C0561,P5611,HAS_PAYMENT_INSTRUMENT
C0562,D5620,USES_DEVICE
C0562,D5621,USES_DEVICE
C0562,D5622,USES_DEVICE
C0562,I5620,USES_IP
C0562,P5620,HAS_PAYMENT_INSTRUMENT
C0562,P5621,HAS_PAYMENT_INSTRUMENT
C0563,D5630,USES_DEVICE
C0563,D5631,USES_DEVICE
C0563,D5632,USES_DEVICE
C0563,I5630,USES_IP
C0563,P5630,HAS_PAYMENT_INSTRUMENT
C0564,D5640,USES_DEVICE
C0564,D5641,USES_DEVICE
C0564,D5642,USES_DEVICE
C0564,I5640,USES_IP
C0564,I5641,USES_IP
C0564,I5642,USES_IP
C0564,P5640,HAS_PAYMENT_INSTRUMENT
C0564,P5641,HAS_PAYMENT_INSTRUMENT
C0565,D5650,USES_DEVICE
C0565,D5651,USES_DEVICE
C0565,I5650,USES_IP
C0565,I0113,USES_IP
C0565,P5650,HAS_PAYMENT_INSTRUMENT
C0566,D5660,USES_DEVICE
C0566,I5660,USES_IP
C0566,P5660,HAS_PAYMENT_INSTRUMENT
C0566,P5661,HAS_PAYMENT_INSTRUMENT
C0567,D5670,USES_DEVICE
C0567,D5671,USES_DEVICE
C0567,D5672,USES_DEVICE
C0567,I5670,USES_IP
C0567,I5671,USES_IP
C0567,I5672,USES_IP
C0567,P5670,HAS_PAYMENT_INSTRUMENT
C0568,D5680,USES_DEVICE
C0568,I5680,USES_IP
C0568,P5680,HAS_PAYMENT_INSTRUMENT
C0568,P5681,HAS_PAYMENT_INSTRUMENT
C0569,D5690,USES_DEVICE
C0569,D5691,USES_DEVICE
C0569,D5692,USES_DEVICE
C0569,I5690,USES_IP
C0569,I5691,USES_IP
C0569,I5692,USES_IP
C0569,P5690,HAS_PAYMENT_INSTRUMENT
C0569,P5691,HAS_PAYMENT_INSTRUMENT
C0570,D5700,USES_DEVICE
C0570,D5701,USES_DEVICE
C0570,D5702,USES_DEVICE
C0570,I5700,USES_IP
C0570,I5701,USES_IP
C0570,I5702,USES_IP
C0570,P5700,HAS_PAYMENT_INSTRUMENT
C0570,P5701,HAS_PAYMENT_INSTRUMENT
C0571,D5710,USES_DEVICE
C0571,I5710,USES_IP
C0571,I5711,USES_IP
C0571,P5710,HAS_PAYMENT_INSTRUMENT
C0572,D5720,USES_DEVICE
C0572,I5720,USES_IP
C0572,P5720,HAS_PAYMENT_INSTRUMENT
C0573,D5730,USES_DEVICE
C0573,D5731,USES_DEVICE
C0573,D5732,USES_DEVICE
C0573,I5730,USES_IP
C0573,I5731,USES_IP
C0573,P5730,HAS_PAYMENT_INSTRUMENT
C0573,P5731,HAS_PAYMENT_INSTRUMENT
C0574,D5740,USES_DEVICE
C0574,D5741,USES_DEVICE
C0574,D5742,USES_DEVICE
C0574,I5740,USES_IP
C0574,I0114,USES_IP
C0574,P5740,HAS_PAYMENT_INSTRUMENT
C0575,D5750,USES_DEVICE
C0575,D5751,USES_DEVICE
C0575,I5750,USES_IP
C0575,I5751,USES_IP
C0575,I5752,USES_IP
C0575,P5750,HAS_PAYMENT_INSTRUMENT
C0575,P5751,HAS_PAYMENT_INSTRUMENT
C0576,D5760,USES_DEVICE
C0576,D5761,USES_DEVICE
C0576,I5760,USES_IP
C0576,I5761,USES_IP
C0576,P5760,HAS_PAYMENT_INSTRUMENT
C0577,D5770,USES_DEVICE
C0577,D5771,USES_DEVICE
C0577,D5772,USES_DEVICE
C0577,I5770,USES_IP
C0577,I5771,USES_IP
C0577,P5770,HAS_PAYMENT_INSTRUMENT
C0578,D5780,USES_DEVICE
C0578,D5781,USES_DEVICE
C0578,D5782,USES_DEVICE
C0578,I5780,USES_IP
C0578,I5781,USES_IP
C0578,P5780,HAS_PAYMENT_INSTRUMENT
C0579,D5790,USES_DEVICE
C0579,D5791,USES_DEVICE
C0579,I5790,USES_IP
C0579,I5791,USES_IP
C0579,P5790,HAS_PAYMENT_INSTRUMENT
C0580,D5800,USES_DEVICE
C0580,D5801,USES_DEVICE
C0580,D5802,USES_DEVICE
C0580,I5800,USES_IP
C0580,I5801,USES_IP
C0580,P5800,HAS_PAYMENT_INSTRUMENT
C0581,D5810,USES_DEVICE
C0581,I5810,USES_IP
C0581,P5810,HAS_PAYMENT_INSTRUMENT
C0581,P5811,HAS_PAYMENT_INSTRUMENT
C0582,D5820,USES_DEVICE
C0582,I5820,USES_IP
C0582,P5820,HAS_PAYMENT_INSTRUMENT
C0583,D5830,USES_DEVICE
C0583,D5831,USES_DEVICE
C0583,I0116,USES_IP
C0583,I5831,USES_IP
C0583,P5830,HAS_PAYMENT_INSTRUMENT
C0584,D5840,USES_DEVICE
C0584,D5841,USES_DEVICE
C0584,D5842,USES_DEVICE
C0584,I5840,USES_IP
C0584,P5840,HAS_PAYMENT_INSTRUMENT
C0584,P5841,HAS_PAYMENT_INSTRUMENT
C0585,D5850,USES_DEVICE
C0585,I0117,USES_IP
C0585,I5851,USES_IP
C0585,P5850,HAS_PAYMENT_INSTRUMENT
C0586,D5860,USES_DEVICE
C0586,D5861,USES_DEVICE
C0586,I5860,USES_IP
C0586,I5861,USES_IP
C0586,I5862,USES_IP
C0586,P5860,HAS_PAYMENT_INSTRUMENT
C0586,P5861,HAS_PAYMENT_INSTRUMENT
C0587,D5870,USES_DEVICE
C0587,D5871,USES_DEVICE
C0587,D5872,USES_DEVICE
C0587,I5870,USES_IP
C0587,I5871,USES_IP
C0587,I0117,USES_IP
C0587,P5870,HAS_PAYMENT_INSTRUMENT
C0588,D5880,USES_DEVICE
C0588,I5880,USES_IP
C0588,P5880,HAS_PAYMENT_INSTRUMENT
C0589,D5890,USES_DEVICE
C0589,D5891,USES_DEVICE
C0589,D5892,USES_DEVICE
C0589,I5890,USES_IP
C0589,P5890,HAS_PAYMENT_INSTRUMENT
C0589,P5891,HAS_PAYMENT_INSTRUMENT
C0590,D5900,USES_DEVICE
C0590,I5900,USES_IP
C0590,P5900,HAS_PAYMENT_INSTRUMENT
C0591,D5910,USES_DEVICE
C0591,D5911,USES_DEVICE
C0591,I5910,USES_IP
C0591,I0118,USES_IP
C0591,I5912,USES_IP
C0591,P5910,HAS_PAYMENT_INSTRUMENT
C0592,D5920,USES_DEVICE
C0592,I5920,USES_IP
C0592,I5921,USES_IP
C0592,P5920,HAS_PAYMENT_INSTRUMENT
C0592,P5921,HAS_PAYMENT_INSTRUMENT
C0593,D5930,USES_DEVICE
C0593,I5930,USES_IP
C0593,I5931,USES_IP
C0593,I5932,USES_IP
C0593,P5930,HAS_PAYMENT_INSTRUMENT
C0594,D5940,USES_DEVICE
C0594,D5941,USES_DEVICE
C0594,D5942,USES_DEVICE
C0594,I5940,USES_IP
C0594,I5941,USES_IP
C0594,I5942,USES_IP
C0594,P5940,HAS_PAYMENT_INSTRUMENT
C0595,D5950,USES_DEVICE
C0595,D5951,USES_DEVICE
C0595,I5950,USES_IP
C0595,I5951,USES_IP
C0595,I0119,USES_IP
C0595,P5950,HAS_PAYMENT_INSTRUMENT
C0596,D5960,USES_DEVICE
C0596,I5960,USES_IP
C0596,P5960,HAS_PAYMENT_INSTRUMENT
C0596,P5961,HAS_PAYMENT_INSTRUMENT
C0597,D5970,USES_DEVICE
C0597,D5971,USES_DEVICE
C0597,I5970,USES_IP
C0597,I5971,USES_IP
C0597,P5970,HAS_PAYMENT_INSTRUMENT
C0597,P5971,HAS_PAYMENT_INSTRUMENT
C0598,D5980,USES_DEVICE
C0598,D5981,USES_DEVICE
C0598,D5982,USES_DEVICE
C0598,I5980,USES_IP
C0598,P5980,HAS_PAYMENT_INSTRUMENT
C0598,P5981,HAS_PAYMENT_INSTRUMENT
C0599,D5990,USES_DEVICE
C0599,D5991,USES_DEVICE
C0599,D5992,USES_DEVICE
C0599,I5990,USES_IP
C0599,P5990,HAS_PAYMENT_INSTRUMENT
C0599,P5991,HAS_PAYMENT_INSTRUMENT
C0600,D6000,USES_DEVICE
C0600,I6000,USES_IP
C0600,I6001,USES_IP
C0600,I6002,USES_IP
C0600,P6000,HAS_PAYMENT_INSTRUMENT
C0601,D6010,USES_DEVICE
C0601,I6010,USES_IP
C0601,I6011,USES_IP
C0601,P6010,HAS_PAYMENT_INSTRUMENT
C0602,D6020,USES_DEVICE
C0602,D6021,USES_DEVICE
C0602,D6022,USES_DEVICE
C0602,I6020,USES_IP
C0602,P6020,HAS_PAYMENT_INSTRUMENT
C0602,P6021,HAS_PAYMENT_INSTRUMENT
C0603,D6030,USES_DEVICE
C0603,I6030,USES_IP
C0603,I6031,USES_IP
C0603,P6030,HAS_PAYMENT_INSTRUMENT
C0603,P6031,HAS_PAYMENT_INSTRUMENT
C0604,D6040,USES_DEVICE
C0604,D6041,USES_DEVICE
C0604,D6042,USES_DEVICE
C0604,I6040,USES_IP
C0604,I6041,USES_IP
C0604,I6042,USES_IP
C0604,P6040,HAS_PAYMENT_INSTRUMENT
C0605,D6050,USES_DEVICE
C0605,I0121,USES_IP
C0605,I6051,USES_IP
C0605,I0121,USES_IP
C0605,P6050,HAS_PAYMENT_INSTRUMENT
C0606,D6060,USES_DEVICE
C0606,D6061,USES_DEVICE
C0606,I6060,USES_IP
C0606,I6061,USES_IP
C0606,I6062,USES_IP
C0606,P6060,HAS_PAYMENT_INSTRUMENT
C0606,P6061,HAS_PAYMENT_INSTRUMENT
C0607,D6070,USES_DEVICE
C0607,D6071,USES_DEVICE
C0607,D6072,USES_DEVICE
C0607,I0121,USES_IP
C0607,I6071,USES_IP
C0607,P6070,HAS_PAYMENT_INSTRUMENT
C0608,D6080,USES_DEVICE
C0608,D6081,USES_DEVICE
C0608,I6080,USES_IP
C0608,P6080,HAS_PAYMENT_INSTRUMENT
C0609,D6090,USES_DEVICE
C0609,I6090,USES_IP
C0609,I6091,USES_IP
C0609,I6092,USES_IP
C0609,P6090,HAS_PAYMENT_INSTRUMENT
C0610,D6100,USES_DEVICE
C0610,D6101,USES_DEVICE
C0610,I6100,USES_IP
C0610,I6101,USES_IP
C0610,I6102,USES_IP
C0610,P6100,HAS_PAYMENT_INSTRUMENT
C0611,D6110,USES_DEVICE
C0611,I6110,USES_IP
C0611,I6111,USES_IP
C0611,P6110,HAS_PAYMENT_INSTRUMENT
C0612,D6120,USES_DEVICE
C0612,D6121,USES_DEVICE
C0612,I6120,USES_IP
C0612,I6121,USES_IP
C0612,I6122,USES_IP
C0612,P6120,HAS_PAYMENT_INSTRUMENT
C0613,D6130,USES_DEVICE
C0613,D6131,USES_DEVICE
C0613,D6132,USES_DEVICE
C0613,I6130,USES_IP
C0613,P6130,HAS_PAYMENT_INSTRUMENT
C0613,P6131,HAS_PAYMENT_INSTRUMENT
C0614,D6140,USES_DEVICE
C0614,D6141,USES_DEVICE
C0614,D6142,USES_DEVICE
C0614,I6140,USES_IP
C0614,I6141,USES_IP
C0614,I6142,USES_IP
C0614,P6140,HAS_PAYMENT_INSTRUMENT
C0615,D6150,USES_DEVICE
C0615,D6151,USES_DEVICE
C0615,D6152,USES_DEVICE
C0615,I6150,USES_IP
C0615,I6151,USES_IP
C0615,P6150,HAS_PAYMENT_INSTRUMENT
C0616,D6160,USES_DEVICE
C0616,D6161,USES_DEVICE
C0616,I6160,USES_IP
C0616,I0123,USES_IP
C0616,P6160,HAS_PAYMENT_INSTRUMENT
C0617,D6170,USES_DEVICE
C0617,D6171,USES_DEVICE
C0617,I6170,USES_IP
C0617,I0123,USES_IP
C0617,P6170,HAS_PAYMENT_INSTRUMENT
C0618,D6180,USES_DEVICE
C0618,D6181,USES_DEVICE
C0618,I6180,USES_IP
C0618,P6180,HAS_PAYMENT_INSTRUMENT
C0619,D6190,USES_DEVICE
C0619,D6191,USES_DEVICE
C0619,D6192,USES_DEVICE
C0619,I6190,USES_IP
C0619,I6191,USES_IP
C0619,I6192,USES_IP
C0619,P6190,HAS_PAYMENT_INSTRUMENT
C0620,D6200,USES_DEVICE
C0620,I0124,USES_IP
C0620,P6200,HAS_PAYMENT_INSTRUMENT
C0620,P6201,HAS_PAYMENT_INSTRUMENT
C0621,D6210,USES_DEVICE
C0621,D6211,USES_DEVICE
C0621,I6210,USES_IP
C0621,P6210,HAS_PAYMENT_INSTRUMENT
C0622,D6220,USES_DEVICE
C0622,D6221,USES_DEVICE
C0622,D6222,USES_DEVICE
C0622,I6220,USES_IP
C0622,I6221,USES_IP
C0622,I6222,USES_IP
C0622,P6220,HAS_PAYMENT_INSTRUMENT
C0622,P6221,HAS_PAYMENT_INSTRUMENT
C0623,D6230,USES_DEVICE
C0623,D6231,USES_DEVICE
C0623,D6232,USES_DEVICE
C0623,I6230,USES_IP
C0623,I0124,USES_IP
C0623,P6230,HAS_PAYMENT_INSTRUMENT
C0623,P6231,HAS_PAYMENT_INSTRUMENT
C0624,D6240,USES_DEVICE
C0624,I6240,USES_IP
C0624,I0124,USES_IP
C0624,I6242,USES_IP
C0624,P6240,HAS_PAYMENT_INSTRUMENT
C0625,D6250,USES_DEVICE
C0625,D6251,USES_DEVICE
C0625,I6250,USES_IP
C0625,P6250,HAS_PAYMENT_INSTRUMENT
C0625,P6251,HAS_PAYMENT_INSTRUMENT
C0626,D6260,USES_DEVICE
C0626,D6261,USES_DEVICE
C0626,I0125,USES_IP
C0626,I6261,USES_IP
C0626,P6260,HAS_PAYMENT_INSTRUMENT
C0626,P6261,HAS_PAYMENT_INSTRUMENT
C0627,D6270,USES_DEVICE
C0627,I6270,USES_IP
C0627,I6271,USES_IP
C0627,P6270,HAS_PAYMENT_INSTRUMENT
C0628,D6280,USES_DEVICE
C0628,D6281,USES_DEVICE
C0628,I6280,USES_IP
C0628,I6281,USES_IP
C0628,P6280,HAS_PAYMENT_INSTRUMENT
C0629,D6290,USES_DEVICE
C0629,D6291,USES_DEVICE
C0629,D6292,USES_DEVICE
C0629,I6290,USES_IP
C0629,I6291,USES_IP
C0629,I0125,USES_IP
C0629,P6290,HAS_PAYMENT_INSTRUMENT
C0629,P6291,HAS_PAYMENT_INSTRUMENT
C0630,D6300,USES_DEVICE
C0630,I6300,USES_IP
C0630,P6300,HAS_PAYMENT_INSTRUMENT
C0631,D6310,USES_DEVICE
C0631,D6311,USES_DEVICE
C0631,I6310,USES_IP
C0631,P6310,HAS_PAYMENT_INSTRUMENT
C0631,P6311,HAS_PAYMENT_INSTRUMENT
C0632,D6320,USES_DEVICE
C0632,D6321,USES_DEVICE
C0632,D6322,USES_DEVICE
C0632,I6320,USES_IP
C0632,I6321,USES_IP
C0632,I6322,USES_IP
C0632,P6320,HAS_PAYMENT_INSTRUMENT
C0632,P6321,HAS_PAYMENT_INSTRUMENT
C0633,D6330,USES_DEVICE
C0633,D6331,USES_DEVICE
C0633,I6330,USES_IP
C0633,P6330,HAS_PAYMENT_INSTRUMENT
C0634,D6340,USES_DEVICE
C0634,D6341,USES_DEVICE
C0634,D6342,USES_DEVICE
C0634,I0126,USES_IP
C0634,I6341,USES_IP
C0634,P6340,HAS_PAYMENT_INSTRUMENT
C0634,P6341,HAS_PAYMENT_INSTRUMENT
C0635,D6350,USES_DEVICE
C0635,D6351,USES_DEVICE
C0635,D6352,USES_DEVICE
C0635,I6350,USES_IP
C0635,I6351,USES_IP
C0635,P6350,HAS_PAYMENT_INSTRUMENT
C0636,D6360,USES_DEVICE
C0636,D6361,USES_DEVICE
C0636,D6362,USES_DEVICE
C0636,I6360,USES_IP
C0636,P6360,HAS_PAYMENT_INSTRUMENT
C0636,P6361,HAS_PAYMENT_INSTRUMENT
C0637,D6370,USES_DEVICE
C0637,I6370,USES_IP
C0637,I6371,USES_IP
C0637,I6372,USES_IP
C0637,P6370,HAS_PAYMENT_INSTRUMENT
C0638,D6380,USES_DEVICE
C0638,D6381,USES_DEVICE
C0638,I6380,USES_IP
C0638,I6381,USES_IP
C0638,P6380,HAS_PAYMENT_INSTRUMENT
C0638,P6381,HAS_PAYMENT_INSTRUMENT
C0639,D6390,USES_DEVICE
C0639,D6391,USES_DEVICE
C0639,D6392,USES_DEVICE
C0639,I6390,USES_IP
C0639,I6391,USES_IP
C0639,I6392,USES_IP
C0639,P6390,HAS_PAYMENT_INSTRUMENT
C0640,D6400,USES_DEVICE
C0640,I6400,USES_IP
C0640,I6401,USES_IP
C0640,I6402,USES_IP
C0640,P6400,HAS_PAYMENT_INSTRUMENT
C0640,P6401,HAS_PAYMENT_INSTRUMENT
C0641,D6410,USES_DEVICE
C0641,D6411,USES_DEVICE
C0641,I6410,USES_IP
C0641,P6410,HAS_PAYMENT_INSTRUMENT
C0642,D6420,USES_DEVICE
C0642,D6421,USES_DEVICE
C0642,I6420,USES_IP
C0642,I6421,USES_IP
C0642,P6420,HAS_PAYMENT_INSTRUMENT
C0643,D6430,USES_DEVICE
C0643,I6430,USES_IP
C0643,I6431,USES_IP
C0643,I6432,USES_IP
C0643,P6430,HAS_PAYMENT_INSTRUMENT
C0644,D6440,USES_DEVICE
C0644,D6441,USES_DEVICE
C0644,I0128,USES_IP
C0644,P6440,HAS_PAYMENT_INSTRUMENT
C0645,D6450,USES_DEVICE
C0645,D6451,USES_DEVICE
C0645,I6450,USES_IP
C0645,I6451,USES_IP
C0645,P6450,HAS_PAYMENT_INSTRUMENT
C0645,P6451,HAS_PAYMENT_INSTRUMENT
C0646,D6460,USES_DEVICE
C0646,I6460,USES_IP
C0646,P6460,HAS_PAYMENT_INSTRUMENT
C0646,P6461,HAS_PAYMENT_INSTRUMENT
C0647,D6470,USES_DEVICE
C0647,D6471,USES_DEVICE
C0647,D6472,USES_DEVICE
C0647,I6470,USES_IP
C0647,I0129,USES_IP
C0647,I6472,USES_IP
C0647,P6470,HAS_PAYMENT_INSTRUMENT
C0648,D6480,USES_DEVICE
C0648,I0129,USES_IP
C0648,P6480,HAS_PAYMENT_INSTRUMENT
C0649,D6490,USES_DEVICE
C0649,I6490,USES_IP
C0649,P6490,HAS_PAYMENT_INSTRUMENT
C0649,P6491,HAS_PAYMENT_INSTRUMENT
C0650,D6500,USES_DEVICE
C0650,D6501,USES_DEVICE
C0650,D6502,USES_DEVICE
C0650,I6500,USES_IP
C0650,I0130,USES_IP
C0650,I6502,USES_IP
C0650,P6500,HAS_PAYMENT_INSTRUMENT
C0651,D6510,USES_DEVICE
C0651,I6510,USES_IP
C0651,P6510,HAS_PAYMENT_INSTRUMENT
C0651,P6511,HAS_PAYMENT_INSTRUMENT
C0652,D6520,USES_DEVICE
C0652,I6520,USES_IP
C0652,P6520,HAS_PAYMENT_INSTRUMENT
C0652,P6521,HAS_PAYMENT_INSTRUMENT
C0653,D6530,USES_DEVICE
C0653,I6530,USES_IP
C0653,P6530,HAS_PAYMENT_INSTRUMENT
C0654,D6540,USES_DEVICE
C0654,I6540,USES_IP
C0654,I6541,USES_IP
C0654,I6542,USES_IP
C0654,P6540,HAS_PAYMENT_INSTRUMENT
C0654,P6541,HAS_PAYMENT_INSTRUMENT
C0655,D6550,USES_DEVICE
C0655,D6551,USES_DEVICE
C0655,D6552,USES_DEVICE
C0655,I6550,USES_IP
C0655,I6551,USES_IP
C0655,P6550,HAS_PAYMENT_INSTRUMENT
C0656,D6560,USES_DEVICE
C0656,D6561,USES_DEVICE
C0656,I6560,USES_IP
C0656,I6561,USES_IP
C0656,P6560,HAS_PAYMENT_INSTRUMENT
C0657,D6570,USES_DEVICE
C0657,D6571,USES_DEVICE
C0657,D6572,USES_DEVICE
C0657,I6570,USES_IP
C0657,I6571,USES_IP
C0657,P6570,HAS_PAYMENT_INSTRUMENT
C0657,P6571,HAS_PAYMENT_INSTRUMENT
C0658,D6580,USES_DEVICE
C0658,I6580,USES_IP
C0658,P6580,HAS_PAYMENT_INSTRUMENT
C0659,D6590,USES_DEVICE
C0659,D6591,USES_DEVICE
C0659,I6590,USES_IP
C0659,P6590,HAS_PAYMENT_INSTRUMENT
C0660,D6600,USES_DEVICE
C0660,D6601,USES_DEVICE
C0660,D6602,USES_DEVICE
C0660,I6600,USES_IP
C0660,I6601,USES_IP
C0660,I6602,USES_IP
C0660,P6600,HAS_PAYMENT_INSTRUMENT
C0660,P6601,HAS_PAYMENT_INSTRUMENT
C0661,D6610,USES_DEVICE
C0661,D6611,USES_DEVICE
C0661,I6610,USES_IP
C0661,I6611,USES_IP
C0661,I6612,USES_IP
C0661,P6610,HAS_PAYMENT_INSTRUMENT
C0661,P6611,HAS_PAYMENT_INSTRUMENT
C0662,D6620,USES_DEVICE
C0662,D6621,USES_DEVICE
C0662,I6620,USES_IP
C0662,I6621,USES_IP
C0662,P6620,HAS_PAYMENT_INSTRUMENT
C0663,D6630,USES_DEVICE
C0663,I0132,USES_IP
C0663,I6631,USES_IP
C0663,P6630,HAS_PAYMENT_INSTRUMENT
C0663,P6631,HAS_PAYMENT_INSTRUMENT
C0664,D6640,USES_DEVICE
C0664,D6641,USES_DEVICE
C0664,D6642,USES_DEVICE
C0664,I6640,USES_IP
C0664,P6640,HAS_PAYMENT_INSTRUMENT
C0665,D6650,USES_DEVICE
C0665,I6650,USES_IP
C0665,I6651,USES_IP
C0665,I6652,USES_IP
C0665,P6650,HAS_PAYMENT_INSTRUMENT
C0666,D6660,USES_DEVICE
C0666,I6660,USES_IP
C0666,I6661,USES_IP
C0666,I6662,USES_IP
C0666,P6660,HAS_PAYMENT_INSTRUMENT
C0667,D6670,USES_DEVICE
C0667,I6670,USES_IP
C0667,P6670,HAS_PAYMENT_INSTRUMENT
C0667,P6671,HAS_PAYMENT_INSTRUMENT
C0668,D6680,USES_DEVICE
C0668,D6681,USES_DEVICE
C0668,D6682,USES_DEVICE
C0668,I6680,USES_IP
C0668,P6680,HAS_PAYMENT_INSTRUMENT
C0668,P6681,HAS_PAYMENT_INSTRUMENT
C0669,D6690,USES_DEVICE
C0669,D6691,USES_DEVICE
C0669,D6692,USES_DEVICE
C0669,I6690,USES_IP
C0669,I6691,USES_IP
C0669,I6692,USES_IP
C0669,P6690,HAS_PAYMENT_INSTRUMENT
C0669,P6691,HAS_PAYMENT_INSTRUMENT
C0670,D6700,USES_DEVICE
C0670,D6701,USES_DEVICE
C0670,D6702,USES_DEVICE
C0670,I6700,USES_IP
C0670,I0134,USES_IP
C0670,P6700,HAS_PAYMENT_INSTRUMENT
C0671,D6710,USES_DEVICE
C0671,I6710,USES_IP
C0671,I6711,USES_IP
C0671,I0134,USES_IP
C0671,P6710,HAS_PAYMENT_INSTRUMENT
C0672,D6720,USES_DEVICE
C0672,I6720,USES_IP
C0672,I6721,USES_IP
C0672,P6720,HAS_PAYMENT_INSTRUMENT
C0672,P6721,HAS_PAYMENT_INSTRUMENT
C0673,D6730,USES_DEVICE
C0673,I6730,USES_IP
C0673,P6730,HAS_PAYMENT_INSTRUMENT
C0674,D6740,USES_DEVICE
C0674,I6740,USES_IP
C0674,I6741,USES_IP
C0674,I6742,USES_IP
C0674,P6740,HAS_PAYMENT_INSTRUMENT
C0674,P6741,HAS_PAYMENT_INSTRUMENT
C0675,D6750,USES_DEVICE
C0675,D6751,USES_DEVICE
C0675,D6752,USES_DEVICE
C0675,I6750,USES_IP
C0675,P6750,HAS_PAYMENT_INSTRUMENT
C0675,P6751,HAS_PAYMENT_INSTRUMENT
C0676,D6760,USES_DEVICE
C0676,I6760,USES_IP
C0676,P6760,HAS_PAYMENT_INSTRUMENT
C0676,P6761,HAS_PAYMENT_INSTRUMENT
C0677,D6770,USES_DEVICE
C0677,D6771,USES_DEVICE
C0677,D6772,USES_DEVICE
C0677,I6770,USES_IP
C0677,I6771,USES_IP
C0677,P6770,HAS_PAYMENT_INSTRUMENT
C0677,P6771,HAS_PAYMENT_INSTRUMENT
C0678,D6780,USES_DEVICE
C0678,I6780,USES_IP
C0678,I6781,USES_IP
C0678,I6782,USES_IP
C0678,P6780,HAS_PAYMENT_INSTRUMENT
C0678,P6781,HAS_PAYMENT_INSTRUMENT
C0679,D6790,USES_DEVICE
C0679,I6790,USES_IP
C0679,P6790,HAS_PAYMENT_INSTRUMENT
C0679,P6791,HAS_PAYMENT_INSTRUMENT
C0680,D6800,USES_DEVICE
C0680,D6801,USES_DEVICE
C0680,D6802,USES_DEVICE
C0680,I6800,USES_IP
C0680,P6800,HAS_PAYMENT_INSTRUMENT
C0680,P6801,HAS_PAYMENT_INSTRUMENT
C0681,D6810,USES_DEVICE
C0681,D6811,USES_DEVICE
C0681,D6812,USES_DEVICE
C0681,I6810,USES_IP
C0681,P6810,HAS_PAYMENT_INSTRUMENT
C0682,D6820,USES_DEVICE
C0682,D6821,USES_DEVICE
C0682,I6820,USES_IP
C0682,P6820,HAS_PAYMENT_INSTRUMENT
C0683,D6830,USES_DEVICE
C0683,I6830,USES_IP
C0683,I6831,USES_IP
C0683,P6830,HAS_PAYMENT_INSTRUMENT
C0684,D6840,USES_DEVICE
C0684,D6841,USES_DEVICE
C0684,D6842,USES_DEVICE
C0684,I6840,USES_IP
C0684,I6841,USES_IP
C0684,I6842,USES_IP
C0684,P6840,HAS_PAYMENT_INSTRUMENT
C0684,P6841,HAS_PAYMENT_INSTRUMENT
C0685,D6850,USES_DEVICE
C0685,I6850,USES_IP
C0685,P6850,HAS_PAYMENT_INSTRUMENT
C0685,P6851,HAS_PAYMENT_INSTRUMENT
C0686,D6860,USES_DEVICE
C0686,D6861,USES_DEVICE
C0686,I6860,USES_IP
C0686,P6860,HAS_PAYMENT_INSTRUMENT
C0687,D6870,USES_DEVICE
C0687,D6871,USES_DEVICE
C0687,I6870,USES_IP
C0687,I6871,USES_IP
C0687,P6870,HAS_PAYMENT_INSTRUMENT
C0687,P6871,HAS_PAYMENT_INSTRUMENT
C0688,D6880,USES_DEVICE
C0688,D6881,USES_DEVICE
C0688,I6880,USES_IP
C0688,I6881,USES_IP
C0688,P6880,HAS_PAYMENT_INSTRUMENT
C0688,P6881,HAS_PAYMENT_INSTRUMENT
C0689,D6890,USES_DEVICE
C0689,D6891,USES_DEVICE
C0689,D6892,USES_DEVICE
C0689,I6890,USES_IP
C0689,I6891,USES_IP
C0689,I6892,USES_IP
C0689,P6890,HAS_PAYMENT_INSTRUMENT
C0690,D6900,USES_DEVICE
C0690,D6901,USES_DEVICE
C0690,I6900,USES_IP
C0690,P6900,HAS_PAYMENT_INSTRUMENT
C0691,D6910,USES_DEVICE
C0691,I6910,USES_IP
C0691,I6911,USES_IP
C0691,P6910,HAS_PAYMENT_INSTRUMENT
C0692,D6920,USES_DEVICE
C0692,D6921,USES_DEVICE
C0692,D6922,USES_DEVICE
C0692,I6920,USES_IP
C0692,P6920,HAS_PAYMENT_INSTRUMENT
C0692,P6921,HAS_PAYMENT_INSTRUMENT
C0693,D6930,USES_DEVICE
C0693,D6931,USES_DEVICE
C0693,D6932,USES_DEVICE
C0693,I6930,USES_IP
C0693,P6930,HAS_PAYMENT_INSTRUMENT
C0694,D6940,USES_DEVICE
C0694,D6941,USES_DEVICE
C0694,D6942,USES_DEVICE
C0694,I6940,USES_IP
C0694,I6941,USES_IP
C0694,P6940,HAS_PAYMENT_INSTRUMENT
C0695,D6950,USES_DEVICE
C0695,I6950,USES_IP
C0695,I6951,USES_IP
C0695,P6950,HAS_PAYMENT_INSTRUMENT
C0695,P6951,HAS_PAYMENT_INSTRUMENT
C0696,D6960,USES_DEVICE
C0696,D6961,USES_DEVICE
C0696,D6962,USES_DEVICE
C0696,I6960,USES_IP
C0696,I0139,USES_IP
C0696,P6960,HAS_PAYMENT_INSTRUMENT
C0696,P6961,HAS_PAYMENT_INSTRUMENT
C0697,D6970,USES_DEVICE
C0697,D6971,USES_DEVICE
C0697,D6972,USES_DEVICE
C0697,I6970,USES_IP
C0697,I6971,USES_IP
C0697,I6972,USES_IP
C0697,P6970,HAS_PAYMENT_INSTRUMENT
C0697,P6971,HAS_PAYMENT_INSTRUMENT
C0698,D6980,USES_DEVICE
C0698,I6980,USES_IP
C0698,I6981,USES_IP
C0698,P6980,HAS_PAYMENT_INSTRUMENT
C0698,P6981,HAS_PAYMENT_INSTRUMENT
C0699,D6990,USES_DEVICE
C0699,I0139,USES_IP
C0699,P6990,HAS_PAYMENT_INSTRUMENT
C0700,D7000,USES_DEVICE
C0700,D7001,USES_DEVICE
C0700,D7002,USES_DEVICE
C0700,I7000,USES_IP
C0700,I7001,USES_IP
C0700,P7000,HAS_PAYMENT_INSTRUMENT
C0701,D7010,USES_DEVICE
C0701,D7011,USES_DEVICE
C0701,I7010,USES_IP
C0701,I7011,USES_IP
C0701,P7010,HAS_PAYMENT_INSTRUMENT
C0701,P7011,HAS_PAYMENT_INSTRUMENT
C0702,D7020,USES_DEVICE
C0702,I7020,USES_IP
C0702,I7021,USES_IP
C0702,I7022,USES_IP
C0702,P7020,HAS_PAYMENT_INSTRUMENT
C0702,P7021,HAS_PAYMENT_INSTRUMENT
C0703,D7030,USES_DEVICE
C0703,I0140,USES_IP
C0703,I7031,USES_IP
C0703,P7030,HAS_PAYMENT_INSTRUMENT
C0703,P7031,HAS_PAYMENT_INSTRUMENT
C0704,D7040,USES_DEVICE
C0704,I7040,USES_IP
C0704,I7041,USES_IP
C0704,P7040,HAS_PAYMENT_INSTRUMENT
C0705,D7050,USES_DEVICE
C0705,I7050,USES_IP
C0705,I7051,USES_IP
C0705,I7052,USES_IP
C0705,P7050,HAS_PAYMENT_INSTRUMENT
C0706,D7060,USES_DEVICE
C0706,D7061,USES_DEVICE
C0706,D7062,USES_DEVICE
C0706,I7060,USES_IP
C0706,P7060,HAS_PAYMENT_INSTRUMENT
C0706,P7061,HAS_PAYMENT_INSTRUMENT
C0707,D7070,USES_DEVICE
C0707,D7071,USES_DEVICE
C0707,D7072,USES_DEVICE
C0707,I7070,USES_IP
C0707,I7071,USES_IP
C0707,I7072,USES_IP
C0707,P7070,HAS_PAYMENT_INSTRUMENT
C0707,P7071,HAS_PAYMENT_INSTRUMENT
C0708,D7080,USES_DEVICE
C0708,D7081,USES_DEVICE
C0708,I7080,USES_IP
C0708,P7080,HAS_PAYMENT_INSTRUMENT
C0709,D7090,USES_DEVICE
C0709,D7091,USES_DEVICE
C0709,D7092,USES_DEVICE
C0709,I7090,USES_IP
C0709,I7091,USES_IP
C0709,I7092,USES_IP
C0709,P7090,HAS_PAYMENT_INSTRUMENT
C0710,D7100,USES_DEVICE
C0710,I7100,USES_IP
C0710,I7101,USES_IP
C0710,P7100,HAS_PAYMENT_INSTRUMENT
C0711,D7110,USES_DEVICE
C0711,I0142,USES_IP
C0711,P7110,HAS_PAYMENT_INSTRUMENT
C0712,D7120,USES_DEVICE
C0712,D7121,USES_DEVICE
C0712,D7122,USES_DEVICE
C0712,I7120,USES_IP
C0712,I7121,USES_IP
C0712,P7120,HAS_PAYMENT_INSTRUMENT
C0713,D7130,USES_DEVICE
C0713,D7131,USES_DEVICE
C0713,D7132,USES_DEVICE
C0713,I7130,USES_IP
C0713,I7131,USES_IP
C0713,P7130,HAS_PAYMENT_INSTRUMENT
C0714,D7140,USES_DEVICE
C0714,I7140,USES_IP
C0714,I7141,USES_IP
C0714,P7140,HAS_PAYMENT_INSTRUMENT
C0714,P7141,HAS_PAYMENT_INSTRUMENT
C0715,D7150,USES_DEVICE
C0715,D7151,USES_DEVICE
C0715,D7152,USES_DEVICE
C0715,I7150,USES_IP
C0715,I0143,USES_IP
C0715,P7150,HAS_PAYMENT_INSTRUMENT
C0715,P7151,HAS_PAYMENT_INSTRUMENT
C0716,D7160,USES_DEVICE
C0716,I7160,USES_IP
C0716,I7161,USES_IP
C0716,P7160,HAS_PAYMENT_INSTRUMENT
C0717,D7170,USES_DEVICE
C0717,I7170,USES_IP
C0717,I7171,USES_IP
C0717,I7172,USES_IP
C0717,P7170,HAS_PAYMENT_INSTRUMENT
C0717,P7171,HAS_PAYMENT_INSTRUMENT
C0718,D7180,USES_DEVICE
C0718,D7181,USES_DEVICE
C0718,I7180,USES_IP
C0718,I7181,USES_IP
C0718,P7180,HAS_PAYMENT_INSTRUMENT
C0718,P7181,HAS_PAYMENT_INSTRUMENT
C0719,D7190,USES_DEVICE
C0719,I7190,USES_IP
C0719,P7190,HAS_PAYMENT_INSTRUMENT
C0720,D7200,USES_DEVICE
C0720,D7201,USES_DEVICE
C0720,D7202,USES_DEVICE
C0720,I7200,USES_IP
C0720,I7201,USES_IP
C0720,I7202,USES_IP
C0720,P7200,HAS_PAYMENT_INSTRUMENT
C0720,P7201,HAS_PAYMENT_INSTRUMENT
C0721,D7210,USES_DEVICE
C0721,D7211,USES_DEVICE
C0721,D7212,USES_DEVICE
C0721,I0144,USES_IP
C0721,P7210,HAS_PAYMENT_INSTRUMENT
C0721,P7211,HAS_PAYMENT_INSTRUMENT
C0722,D7220,USES_DEVICE
C0722,D7221,USES_DEVICE
C0722,I0144,USES_IP
C0722,I7221,USES_IP
C0722,P7220,HAS_PAYMENT_INSTRUMENT
C0722,P7221,HAS_PAYMENT_INSTRUMENT
C0723,D7230,USES_DEVICE
C0723,D7231,USES_DEVICE
C0723,I7230,USES_IP
C0723,I7231,USES_IP
C0723,P7230,HAS_PAYMENT_INSTRUMENT
C0724,D7240,USES_DEVICE
C0724,I7240,USES_IP
C0724,P7240,HAS_PAYMENT_INSTRUMENT
C0724,P7241,HAS_PAYMENT_INSTRUMENT
C0725,D7250,USES_DEVICE
C0725,D7251,USES_DEVICE
C0725,I7250,USES_IP
C0725,I7251,USES_IP
C0725,P7250,HAS_PAYMENT_INSTRUMENT
C0726,D7260,USES_DEVICE
C0726,I7260,USES_IP
C0726,I7261,USES_IP
C0726,P7260,HAS_PAYMENT_INSTRUMENT
C0726,P7261,HAS_PAYMENT_INSTRUMENT
C0727,D7270,USES_DEVICE
C0727,D7271,USES_DEVICE
C0727,D7272,USES_DEVICE
C0727,I7270,USES_IP
C0727,I7271,USES_IP
C0727,P7270,HAS_PAYMENT_INSTRUMENT
C0728,D7280,USES_DEVICE
C0728,I7280,USES_IP
C0728,I7281,USES_IP
C0728,P7280,HAS_PAYMENT_INSTRUMENT
C0729,D7290,USES_DEVICE
C0729,I7290,USES_IP
C0729,P7290,HAS_PAYMENT_INSTRUMENT
C0730,D7300,USES_DEVICE
C0730,I0146,USES_IP
C0730,P7300,HAS_PAYMENT_INSTRUMENT
C0731,D7310,USES_DEVICE
C0731,D7311,USES_DEVICE
C0731,I7310,USES_IP
C0731,I7311,USES_IP
C0731,I7312,USES_IP
C0731,P7310,HAS_PAYMENT_INSTRUMENT
C0731,P7311,HAS_PAYMENT_INSTRUMENT
C0732,D7320,USES_DEVICE
C0732,D7321,USES_DEVICE
C0732,D7322,USES_DEVICE
C0732,I7320,USES_IP
C0732,P7320,HAS_PAYMENT_INSTRUMENT
C0733,D7330,USES_DEVICE
C0733,D7331,USES_DEVICE
C0733,I7330,USES_IP
C0733,I7331,USES_IP
C0733,P7330,HAS_PAYMENT_INSTRUMENT
C0733,P7331,HAS_PAYMENT_INSTRUMENT
C0734,D7340,USES_DEVICE
C0734,D7341,USES_DEVICE
C0734,D7342,USES_DEVICE
C0734,I7340,USES_IP
C0734,I7341,USES_IP
C0734,I7342,USES_IP
C0734,P7340,HAS_PAYMENT_INSTRUMENT
C0735,D7350,USES_DEVICE
C0735,D7351,USES_DEVICE
C0735,I7350,USES_IP
C0735,P7350,HAS_PAYMENT_INSTRUMENT
C0736,D7360,USES_DEVICE
C0736,D7361,USES_DEVICE
C0736,D7362,USES_DEVICE
C0736,I7360,USES_IP
C0736,P7360,HAS_PAYMENT_INSTRUMENT
C0737,D7370,USES_DEVICE
C0737,D7371,USES_DEVICE
C0737,D7372,USES_DEVICE
C0737,I7370,USES_IP
C0737,P7370,HAS_PAYMENT_INSTRUMENT
C0737,P7371,HAS_PAYMENT_INSTRUMENT
C0738,D7380,USES_DEVICE
C0738,D7381,USES_DEVICE
C0738,D7382,USES_DEVICE
C0738,I7380,USES_IP
C0738,P7380,HAS_PAYMENT_INSTRUMENT
C0739,D7390,USES_DEVICE
C0739,D7391,USES_DEVICE
C0739,I7390,USES_IP
C0739,P7390,HAS_PAYMENT_INSTRUMENT
C0740,D7400,USES_DEVICE
C0740,I7400,USES_IP
C0740,I7401,USES_IP
C0740,P7400,HAS_PAYMENT_INSTRUMENT
C0740,P7401,HAS_PAYMENT_INSTRUMENT
C0741,D7410,USES_DEVICE
C0741,D7411,USES_DEVICE
C0741,I7410,USES_IP
C0741,I7411,USES_IP
C0741,P7410,HAS_PAYMENT_INSTRUMENT
C0742,D7420,USES_DEVICE
C0742,D7421,USES_DEVICE
C0742,I7420,USES_IP
C0742,I7421,USES_IP
C0742,P7420,HAS_PAYMENT_INSTRUMENT
C0742,P7421,HAS_PAYMENT_INSTRUMENT
C0743,D7430,USES_DEVICE
C0743,D7431,USES_DEVICE
C0743,D7432,USES_DEVICE
C0743,I0148,USES_IP
C0743,P7430,HAS_PAYMENT_INSTRUMENT
C0743,P7431,HAS_PAYMENT_INSTRUMENT
C0744,D7440,USES_DEVICE
C0744,D7441,USES_DEVICE
C0744,D7442,USES_DEVICE
C0744,I7440,USES_IP
C0744,I7441,USES_IP
C0744,I7442,USES_IP
C0744,P7440,HAS_PAYMENT_INSTRUMENT
C0744,P7441,HAS_PAYMENT_INSTRUMENT
C0745,D7450,USES_DEVICE
C0745,I7450,USES_IP
C0745,I7451,USES_IP
C0745,P7450,HAS_PAYMENT_INSTRUMENT
C0745,P7451,HAS_PAYMENT_INSTRUMENT
C0746,D7460,USES_DEVICE
C0746,D7461,USES_DEVICE
C0746,I7460,USES_IP
C0746,I7461,USES_IP
C0746,I7462,USES_IP
C0746,P7460,HAS_PAYMENT_INSTRUMENT
C0747,D7470,USES_DEVICE
C0747,D7471,USES_DEVICE
C0747,D7472,USES_DEVICE
C0747,I7470,USES_IP
C0747,P7470,HAS_PAYMENT_INSTRUMENT
C0747,P7471,HAS_PAYMENT_INSTRUMENT
C0748,D7480,USES_DEVICE
C0748,D7481,USES_DEVICE
C0748,D7482,USES_DEVICE
C0748,I7480,USES_IP
C0748,I7481,USES_IP
C0748,P7480,HAS_PAYMENT_INSTRUMENT
C0748,P7481,HAS_PAYMENT_INSTRUMENT
C0749,D7490,USES_DEVICE
C0749,D7491,USES_DEVICE
C0749,I7490,USES_IP
C0749,I7491,USES_IP
C0749,P7490,HAS_PAYMENT_INSTRUMENT
C0750,D7500,USES_DEVICE
C0750,D7501,USES_DEVICE
C0750,D7502,USES_DEVICE
C0750,I7500,USES_IP
C0750,I7501,USES_IP
C0750,I7502,USES_IP
C0750,P7500,HAS_PAYMENT_INSTRUMENT
C0751,D7510,USES_DEVICE
C0751,D7511,USES_DEVICE
C0751,D7512,USES_DEVICE
C0751,I7510,USES_IP
C0751,I7511,USES_IP
C0751,I7512,USES_IP
C0751,P7510,HAS_PAYMENT_INSTRUMENT
C0751,P7511,HAS_PAYMENT_INSTRUMENT
C0752,D7520,USES_DEVICE
C0752,D7521,USES_DEVICE
C0752,D7522,USES_DEVICE
C0752,I7520,USES_IP
C0752,I7521,USES_IP
C0752,P7520,HAS_PAYMENT_INSTRUMENT
C0753,D7530,USES_DEVICE
C0753,D7531,USES_DEVICE
C0753,I7530,USES_IP
C0753,P7530,HAS_PAYMENT_INSTRUMENT
C0753,P7531,HAS_PAYMENT_INSTRUMENT
C0754,D7540,USES_DEVICE
C0754,D7541,USES_DEVICE
C0754,D7542,USES_DEVICE
C0754,I7540,USES_IP
C0754,I7541,USES_IP
C0754,I7542,USES_IP
C0754,P7540,HAS_PAYMENT_INSTRUMENT
C0754,P7541,HAS_PAYMENT_INSTRUMENT
C0755,D7550,USES_DEVICE
C0755,D7551,USES_DEVICE
C0755,D7552,USES_DEVICE
C0755,I7550,USES_IP
C0755,P7550,HAS_PAYMENT_INSTRUMENT
C0756,D7560,USES_DEVICE
C0756,D7561,USES_DEVICE
C0756,D7562,USES_DEVICE
C0756,I7560,USES_IP
C0756,I7561,USES_IP
C0756,P7560,HAS_PAYMENT_INSTRUMENT
C0756,P7561,HAS_PAYMENT_INSTRUMENT
C0757,D7570,USES_DEVICE
C0757,D7571,USES_DEVICE
C0757,I7570,USES_IP
C0757,I7571,USES_IP
C0757,I7572,USES_IP
C0757,P7570,HAS_PAYMENT_INSTRUMENT
C0758,D7580,USES_DEVICE
C0758,D7581,USES_DEVICE
C0758,I7580,USES_IP
C0758,P7580,HAS_PAYMENT_INSTRUMENT
C0758,P7581,HAS_PAYMENT_INSTRUMENT
C0759,D7590,USES_DEVICE
C0759,D7591,USES_DEVICE
C0759,D7592,USES_DEVICE
C0759,I7590,USES_IP
C0759,I7591,USES_IP
C0759,P7590,HAS_PAYMENT_INSTRUMENT
C0760,D7600,USES_DEVICE
C0760,I7600,USES_IP
C0760,P7600,HAS_PAYMENT_INSTRUMENT
C0760,P7601,HAS_PAYMENT_INSTRUMENT
C0761,D7610,USES_DEVICE
C0761,I7610,USES_IP
C0761,I7611,USES_IP
C0761,P7610,HAS_PAYMENT_INSTRUMENT
C0762,D7620,USES_DEVICE
C0762,D7621,USES_DEVICE
C0762,I7620,USES_IP
C0762,I7621,USES_IP
C0762,P7620,HAS_PAYMENT_INSTRUMENT
C0763,D7630,USES_DEVICE
C0763,I7630,USES_IP
C0763,I7631,USES_IP
C0763,P7630,HAS_PAYMENT_INSTRUMENT
C0764,D7640,USES_DEVICE
C0764,D7641,USES_DEVICE
C0764,D7642,USES_DEVICE
C0764,I7640,USES_IP
C0764,P7640,HAS_PAYMENT_INSTRUMENT
C0765,D7650,USES_DEVICE
C0765,I7650,USES_IP
C0765,I7651,USES_IP
C0765,I7652,USES_IP
C0765,P7650,HAS_PAYMENT_INSTRUMENT
C0765,P7651,HAS_PAYMENT_INSTRUMENT
C0766,D7660,USES_DEVICE
C0766,D7661,USES_DEVICE
C0766,I0153,USES_IP
C0766,P7660,HAS_PAYMENT_INSTRUMENT
C0767,D7670,USES_DEVICE
C0767,D7671,USES_DEVICE
C0767,D7672,USES_DEVICE
C0767,I7670,USES_IP
C0767,I7671,USES_IP
C0767,P7670,HAS_PAYMENT_INSTRUMENT
C0768,D7680,USES_DEVICE
C0768,I0153,USES_IP
C0768,I7681,USES_IP
C0768,I7682,USES_IP
C0768,P7680,HAS_PAYMENT_INSTRUMENT
C0768,P7681,HAS_PAYMENT_INSTRUMENT
C0769,D7690,USES_DEVICE
C0769,D7691,USES_DEVICE
C0769,I7690,USES_IP
C0769,P7690,HAS_PAYMENT_INSTRUMENT
C0769,P7691,HAS_PAYMENT_INSTRUMENT
C0770,D7700,USES_DEVICE
C0770,I7700,USES_IP
C0770,P7700,HAS_PAYMENT_INSTRUMENT
C0770,P7701,HAS_PAYMENT_INSTRUMENT
C0771,D7710,USES_DEVICE
C0771,D7711,USES_DEVICE
C0771,I7710,USES_IP
C0771,I7711,USES_IP
C0771,P7710,HAS_PAYMENT_INSTRUMENT
C0771,P7711,HAS_PAYMENT_INSTRUMENT
C0772,D7720,USES_DEVICE
C0772,D7721,USES_DEVICE
C0772,I7720,USES_IP
C0772,I7721,USES_IP
C0772,I7722,USES_IP
C0772,P7720,HAS_PAYMENT_INSTRUMENT
C0772,P7721,HAS_PAYMENT_INSTRUMENT
C0773,D7730,USES_DEVICE
C0773,I7730,USES_IP
C0773,P7730,HAS_PAYMENT_INSTRUMENT
C0773,P7731,HAS_PAYMENT_INSTRUMENT
C0774,D7740,USES_DEVICE
C0774,I7740,USES_IP
C0774,P7740,HAS_PAYMENT_INSTRUMENT
C0775,D7750,USES_DEVICE
C0775,I0155,USES_IP
C0775,I7751,USES_IP
C0775,I7752,USES_IP
C0775,P7750,HAS_PAYMENT_INSTRUMENT
C0776,D7760,USES_DEVICE
C0776,D7761,USES_DEVICE
C0776,I7760,USES_IP
C0776,I7761,USES_IP
C0776,I0155,USES_IP
C0776,P7760,HAS_PAYMENT_INSTRUMENT
C0777,D7770,USES_DEVICE
C0777,D7771,USES_DEVICE
C0777,D7772,USES_DEVICE
C0777,I7770,USES_IP
C0777,P7770,HAS_PAYMENT_INSTRUMENT
C0778,D7780,USES_DEVICE
C0778,I7780,USES_IP
C0778,I7781,USES_IP
C0778,I7782,USES_IP
C0778,P7780,HAS_PAYMENT_INSTRUMENT
C0778,P7781,HAS_PAYMENT_INSTRUMENT
C0779,D7790,USES_DEVICE
C0779,D7791,USES_DEVICE
C0779,I7790,USES_IP
C0779,I7791,USES_IP
C0779,I7792,USES_IP
C0779,P7790,HAS_PAYMENT_INSTRUMENT
C0779,P7791,HAS_PAYMENT_INSTRUMENT
C0780,D7800,USES_DEVICE
C0780,D7801,USES_DEVICE
C0780,I7800,USES_IP
C0780,I7801,USES_IP
C0780,I7802,USES_IP
C0780,P7800,HAS_PAYMENT_INSTRUMENT
C0781,D7810,USES_DEVICE
C0781,D7811,USES_DEVICE
C0781,I7810,USES_IP
C0781,P7810,HAS_PAYMENT_INSTRUMENT
C0782,D7820,USES_DEVICE
C0782,D7821,USES_DEVICE
C0782,I7820,USES_IP
C0782,P7820,HAS_PAYMENT_INSTRUMENT
C0782,P7821,HAS_PAYMENT_INSTRUMENT
C0783,D7830,USES_DEVICE
C0783,I7830,USES_IP
C0783,I7831,USES_IP
C0783,I7832,USES_IP
C0783,P7830,HAS_PAYMENT_INSTRUMENT
C0784,D7840,USES_DEVICE
C0784,D7841,USES_DEVICE
C0784,I7840,USES_IP
C0784,I7841,USES_IP
C0784,I7842,USES_IP
C0784,P7840,HAS_PAYMENT_INSTRUMENT
C0785,D7850,USES_DEVICE
C0785,D7851,USES_DEVICE
C0785,D7852,USES_DEVICE
C0785,I7850,USES_IP
C0785,I0157,USES_IP
C0785,P7850,HAS_PAYMENT_INSTRUMENT
C0786,D7860,USES_DEVICE
C0786,I7860,USES_IP
C0786,I7861,USES_IP
C0786,I0157,USES_IP
C0786,P7860,HAS_PAYMENT_INSTRUMENT
C0787,D7870,USES_DEVICE
C0787,D7871,USES_DEVICE
C0787,D7872,USES_DEVICE
C0787,I7870,USES_IP
C0787,I7871,USES_IP
C0787,I7872,USES_IP
C0787,P7870,HAS_PAYMENT_INSTRUMENT
C0787,P7871,HAS_PAYMENT_INSTRUMENT
C0788,D7880,USES_DEVICE
C0788,D7881,USES_DEVICE
C0788,I0157,USES_IP
C0788,I7881,USES_IP
C0788,P7880,HAS_PAYMENT_INSTRUMENT
C0789,D7890,USES_DEVICE
C0789,D7891,USES_DEVICE
C0789,I7890,USES_IP
C0789,I7891,USES_IP
C0789,P7890,HAS_PAYMENT_INSTRUMENT
C0790,D7900,USES_DEVICE
C0790,I0158,USES_IP
C0790,P7900,HAS_PAYMENT_INSTRUMENT
C0791,D7910,USES_DEVICE
C0791,D7911,USES_DEVICE
C0791,D7912,USES_DEVICE
C0791,I7910,USES_IP
C0791,I7911,USES_IP
C0791,I7912,USES_IP
C0791,P7910,HAS_PAYMENT_INSTRUMENT
C0791,P7911,HAS_PAYMENT_INSTRUMENT
C0792,D7920,USES_DEVICE
C0792,D7921,USES_DEVICE
C0792,D7922,USES_DEVICE
C0792,I7920,USES_IP
C0792,P7920,HAS_PAYMENT_INSTRUMENT
C0792,P7921,HAS_PAYMENT_INSTRUMENT
C0793,D7930,USES_DEVICE
C0793,I7930,USES_IP
C0793,P7930,HAS_PAYMENT_INSTRUMENT
C0793,P7931,HAS_PAYMENT_INSTRUMENT
C0794,D7940,USES_DEVICE
C0794,D7941,USES_DEVICE
C0794,I7940,USES_IP
C0794,I7941,USES_IP
C0794,P7940,HAS_PAYMENT_INSTRUMENT
C0794,P7941,HAS_PAYMENT_INSTRUMENT
C0795,D7950,USES_DEVICE
C0795,D7951,USES_DEVICE
C0795,D7952,USES_DEVICE
C0795,I7950,USES_IP
C0795,P7950,HAS_PAYMENT_INSTRUMENT
C0796,D7960,USES_DEVICE
C0796,I7960,USES_IP
C0796,P7960,HAS_PAYMENT_INSTRUMENT
C0796,P7961,HAS_PAYMENT_INSTRUMENT
C0797,D7970,USES_DEVICE
C0797,D7971,USES_DEVICE
C0797,D7972,USES_DEVICE
C0797,I7970,USES_IP
C0797,I7971,USES_IP
C0797,I7972,USES_IP
C0797,P7970,HAS_PAYMENT_INSTRUMENT
C0798,D7980,USES_DEVICE
C0798,D7981,USES_DEVICE
C0798,D7982,USES_DEVICE
C0798,I7980,USES_IP
C0798,I7981,USES_IP
C0798,I7982,USES_IP
C0798,P7980,HAS_PAYMENT_INSTRUMENT
C0799,D7990,USES_DEVICE
C0799,D7991,USES_DEVICE
C0799,I0159,USES_IP
C0799,I7991,USES_IP
C0799,P7990,HAS_PAYMENT_INSTRUMENT
C0799,P7991,HAS_PAYMENT_INSTRUMENT
C0800,D8000,USES_DEVICE
C0800,I8000,USES_IP
C0800,I8001,USES_IP
C0800,I8002,USES_IP
C0800,P8000,HAS_PAYMENT_INSTRUMENT
C0801,D8010,USES_DEVICE
C0801,D8011,USES_DEVICE
C0801,D8012,USES_DEVICE
C0801,I8010,USES_IP
C0801,I8011,USES_IP
C0801,P8010,HAS_PAYMENT_INSTRUMENT
C0802,D8020,USES_DEVICE
C0802,D8021,USES_DEVICE
C0802,I8020,USES_IP
C0802,I8021,USES_IP
C0802,I8022,USES_IP
C0802,P8020,HAS_PAYMENT_INSTRUMENT
C0802,P8021,HAS_PAYMENT_INSTRUMENT
C0803,D8030,USES_DEVICE
C0803,I8030,USES_IP
C0803,I8031,USES_IP
C0803,I0160,USES_IP
C0803,P8030,HAS_PAYMENT_INSTRUMENT
C0804,D8040,USES_DEVICE
C0804,D8041,USES_DEVICE
C0804,D8042,USES_DEVICE
C0804,I8040,USES_IP
C0804,I8041,USES_IP
C0804,P8040,HAS_PAYMENT_INSTRUMENT
C0805,D8050,USES_DEVICE
C0805,D8051,USES_DEVICE
C0805,I8050,USES_IP
C0805,I8051,USES_IP
C0805,P8050,HAS_PAYMENT_INSTRUMENT
C0806,D8060,USES_DEVICE
C0806,D8061,USES_DEVICE
C0806,D8062,USES_DEVICE
C0806,I8060,USES_IP
C0806,P8060,HAS_PAYMENT_INSTRUMENT
C0806,P8061,HAS_PAYMENT_INSTRUMENT
C0807,D8070,USES_DEVICE
C0807,D8071,USES_DEVICE
C0807,I0161,USES_IP
C0807,P8070,HAS_PAYMENT_INSTRUMENT
C0807,P8071,HAS_PAYMENT_INSTRUMENT
C0808,D8080,USES_DEVICE
C0808,D8081,USES_DEVICE
C0808,D8082,USES_DEVICE
C0808,I0161,USES_IP
C0808,I8081,USES_IP
C0808,P8080,HAS_PAYMENT_INSTRUMENT
C0808,P8081,HAS_PAYMENT_INSTRUMENT
C0809,D8090,USES_DEVICE
C0809,I8090,USES_IP
C0809,I0161,USES_IP
C0809,P8090,HAS_PAYMENT_INSTRUMENT
C0809,P8091,HAS_PAYMENT_INSTRUMENT
C0810,D8100,USES_DEVICE
C0810,D8101,USES_DEVICE
C0810,I8100,USES_IP
C0810,P8100,HAS_PAYMENT_INSTRUMENT
C0811,D8110,USES_DEVICE
C0811,I8110,USES_IP
C0811,I8111,USES_IP
C0811,I8112,USES_IP
C0811,P8110,HAS_PAYMENT_INSTRUMENT
C0812,D8120,USES_DEVICE
C0812,D8121,USES_DEVICE
C0812,D8122,USES_DEVICE
C0812,I8120,USES_IP
C0812,I8121,USES_IP
C0812,I8122,USES_IP
C0812,P8120,HAS_PAYMENT_INSTRUMENT
C0813,D8130,USES_DEVICE
C0813,D8131,USES_DEVICE
C0813,I8130,USES_IP
C0813,I8131,USES_IP
C0813,P8130,HAS_PAYMENT_INSTRUMENT
C0813,P8131,HAS_PAYMENT_INSTRUMENT
C0814,D8140,USES_DEVICE
C0814,D8141,USES_DEVICE
C0814,D8142,USES_DEVICE
C0814,I8140,USES_IP
C0814,I8141,USES_IP
C0814,I0162,USES_IP
C0814,P8140,HAS_PAYMENT_INSTRUMENT
C0815,D8150,USES_DEVICE
C0815,I8150,USES_IP
C0815,I8151,USES_IP
C0815,P8150,HAS_PAYMENT_INSTRUMENT
C0815,P8151,HAS_PAYMENT_INSTRUMENT
C0816,D8160,USES_DEVICE
C0816,D8161,USES_DEVICE
C0816,D8162,USES_DEVICE
C0816,I8160,USES_IP
C0816,I8161,USES_IP
C0816,I8162,USES_IP
C0816,P8160,HAS_PAYMENT_INSTRUMENT
C0816,P8161,HAS_PAYMENT_INSTRUMENT
C0817,D8170,USES_DEVICE
C0817,I8170,USES_IP
C0817,I8171,USES_IP
C0817,I8172,USES_IP
C0817,P8170,HAS_PAYMENT_INSTRUMENT
C0818,D8180,USES_DEVICE
C0818,I8180,USES_IP
C0818,P8180,HAS_PAYMENT_INSTRUMENT
C0818,P8181,HAS_PAYMENT_INSTRUMENT
C0819,D8190,USES_DEVICE
C0819,I8190,USES_IP
C0819,I8191,USES_IP
C0819,P8190,HAS_PAYMENT_INSTRUMENT
C0819,P8191,HAS_PAYMENT_INSTRUMENT
C0820,D8200,USES_DEVICE
C0820,I0164,USES_IP
C0820,I8201,USES_IP
C0820,P8200,HAS_PAYMENT_INSTRUMENT
C0821,D8210,USES_DEVICE
C0821,D8211,USES_DEVICE
C0821,I8210,USES_IP
C0821,I8211,USES_IP
C0821,P8210,HAS_PAYMENT_INSTRUMENT
C0822,D8220,USES_DEVICE
C0822,D8221,USES_DEVICE
C0822,I8220,USES_IP
C0822,P8220,HAS_PAYMENT_INSTRUMENT
C0823,D8230,USES_DEVICE
C0823,D8231,USES_DEVICE
C0823,D8232,USES_DEVICE
C0823,I8230,USES_IP
C0823,I8231,USES_IP
C0823,P8230,HAS_PAYMENT_INSTRUMENT
C0824,D8240,USES_DEVICE
C0824,D8241,USES_DEVICE
C0824,D8242,USES_DEVICE
C0824,I8240,USES_IP
C0824,I8241,USES_IP
C0824,I8242,USES_IP
C0824,P8240,HAS_PAYMENT_INSTRUMENT
C0824,P8241,HAS_PAYMENT_INSTRUMENT
C0825,D8250,USES_DEVICE
C0825,D8251,USES_DEVICE
C0825,D8252,USES_DEVICE
C0825,I8250,USES_IP
C0825,I8251,USES_IP
C0825,P8250,HAS_PAYMENT_INSTRUMENT
C0826,D8260,USES_DEVICE
C0826,D8261,USES_DEVICE
C0826,I8260,USES_IP
C0826,I8261,USES_IP
C0826,P8260,HAS_PAYMENT_INSTRUMENT
C0826,P8261,HAS_PAYMENT_INSTRUMENT
C0827,D8270,USES_DEVICE
C0827,I8270,USES_IP
C0827,P8270,HAS_PAYMENT_INSTRUMENT
C0827,P8271,HAS_PAYMENT_INSTRUMENT
C0828,D8280,USES_DEVICE
C0828,D8281,USES_DEVICE
C0828,D8282,USES_DEVICE
C0828,I8280,USES_IP
C0828,I8281,USES_IP
C0828,I8282,USES_IP
C0828,P8280,HAS_PAYMENT_INSTRUMENT
C0829,D8290,USES_DEVICE
C0829,I8290,USES_IP
C0829,P8290,HAS_PAYMENT_INSTRUMENT
C0829,P8291,HAS_PAYMENT_INSTRUMENT
C0830,D8300,USES_DEVICE
C0830,D8301,USES_DEVICE
C0830,D8302,USES_DEVICE
C0830,I8300,USES_IP
C0830,I8301,USES_IP
C0830,P8300,HAS_PAYMENT_INSTRUMENT
C0831,D8310,USES_DEVICE
C0831,D8311,USES_DEVICE
C0831,D8312,USES_DEVICE
C0831,I8310,USES_IP
C0831,I8311,USES_IP
C0831,I8312,USES_IP
C0831,P8310,HAS_PAYMENT_INSTRUMENT
C0831,P8311,HAS_PAYMENT_INSTRUMENT
C0832,D8320,USES_DEVICE
C0832,D8321,USES_DEVICE
C0832,D8322,USES_DEVICE
C0832,I8320,USES_IP
C0832,I8321,USES_IP
C0832,P8320,HAS_PAYMENT_INSTRUMENT
C0832,P8321,HAS_PAYMENT_INSTRUMENT
C0833,D8330,USES_DEVICE
C0833,D8331,USES_DEVICE
C0833,D8332,USES_DEVICE
C0833,I8330,USES_IP
C0833,I8331,USES_IP
C0833,I8332,USES_IP
C0833,P8330,HAS_PAYMENT_INSTRUMENT
C0833,P8331,HAS_PAYMENT_INSTRUMENT
C0834,D8340,USES_DEVICE
C0834,I8340,USES_IP
C0834,I8341,USES_IP
C0834,I0166,USES_IP
C0834,P8340,HAS_PAYMENT_INSTRUMENT
C0835,D8350,USES_DEVICE
C0835,I8350,USES_IP
C0835,I8351,USES_IP
C0835,P8350,HAS_PAYMENT_INSTRUMENT
C0835,P8351,HAS_PAYMENT_INSTRUMENT
C0836,D8360,USES_DEVICE
C0836,D8361,USES_DEVICE
C0836,D8362,USES_DEVICE
C0836,I8360,USES_IP
C0836,I0167,USES_IP
C0836,P8360,HAS_PAYMENT_INSTRUMENT
C0836,P8361,HAS_PAYMENT_INSTRUMENT
C0837,D8370,USES_DEVICE
C0837,I0167,USES_IP
C0837,I8371,USES_IP
C0837,I8372,USES_IP
C0837,P8370,HAS_PAYMENT_INSTRUMENT
C0838,D8380,USES_DEVICE
C0838,D8381,USES_DEVICE
C0838,D8382,USES_DEVICE
C0838,I8380,USES_IP
C0838,I8381,USES_IP
C0838,I8382,USES_IP
C0838,P8380,HAS_PAYMENT_INSTRUMENT
C0838,P8381,HAS_PAYMENT_INSTRUMENT
C0839,D8390,USES_DEVICE
C0839,D8391,USES_DEVICE
C0839,D8392,USES_DEVICE
C0839,I0167,USES_IP
C0839,I8391,USES_IP
C0839,I8392,USES_IP
C0839,P8390,HAS_PAYMENT_INSTRUMENT
C0839,P8391,HAS_PAYMENT_INSTRUMENT
C0840,D8400,USES_DEVICE
C0840,D8401,USES_DEVICE
C0840,D8402,USES_DEVICE
C0840,I0168,USES_IP
C0840,P8400,HAS_PAYMENT_INSTRUMENT
C0840,P8401,HAS_PAYMENT_INSTRUMENT
C0841,D8410,USES_DEVICE
C0841,I8410,USES_IP
C0841,I8411,USES_IP
C0841,I8412,USES_IP
C0841,P8410,HAS_PAYMENT_INSTRUMENT
C0842,D8420,USES_DEVICE
C0842,D8421,USES_DEVICE
C0842,D8422,USES_DEVICE
C0842,I8420,USES_IP
C0842,I8421,USES_IP
C0842,I8422,USES_IP
C0842,P8420,HAS_PAYMENT_INSTRUMENT
C0843,D8430,USES_DEVICE
C0843,D8431,USES_DEVICE
C0843,D8432,USES_DEVICE
C0843,I8430,USES_IP
C0843,P8430,HAS_PAYMENT_INSTRUMENT
C0844,D8440,USES_DEVICE
C0844,D8441,USES_DEVICE
C0844,D8442,USES_DEVICE
C0844,I8440,USES_IP
C0844,P8440,HAS_PAYMENT_INSTRUMENT
C0845,D8450,USES_DEVICE
C0845,D8451,USES_DEVICE
C0845,D8452,USES_DEVICE
C0845,I8450,USES_IP
C0845,I0169,USES_IP
C0845,I8452,USES_IP
C0845,P8450,HAS_PAYMENT_INSTRUMENT
C0845,P8451,HAS_PAYMENT_INSTRUMENT
C0846,D8460,USES_DEVICE
C0846,I8460,USES_IP
C0846,P8460,HAS_PAYMENT_INSTRUMENT
C0846,P8461,HAS_PAYMENT_INSTRUMENT
C0847,D8470,USES_DEVICE
C0847,I8470,USES_IP
C0847,I8471,USES_IP
C0847,P8470,HAS_PAYMENT_INSTRUMENT
C0848,D8480,USES_DEVICE
C0848,I8480,USES_IP
C0848,I8481,USES_IP
C0848,P8480,HAS_PAYMENT_INSTRUMENT
C0848,P8481,HAS_PAYMENT_INSTRUMENT
C0849,D8490,USES_DEVICE
C0849,D8491,USES_DEVICE
C0849,I8490,USES_IP
C0849,I0169,USES_IP
C0849,I8492,USES_IP
C0849,P8490,HAS_PAYMENT_INSTRUMENT
C0850,D8500,USES_DEVICE
C0850,I0170,USES_IP
C0850,I8501,USES_IP
C0850,I8502,USES_IP
C0850,P8500,HAS_PAYMENT_INSTRUMENT
C0850,P8501,HAS_PAYMENT_INSTRUMENT
C0851,D8510,USES_DEVICE
C0851,I8510,USES_IP
C0851,I8511,USES_IP
C0851,P8510,HAS_PAYMENT_INSTRUMENT
C0851,P8511,HAS_PAYMENT_INSTRUMENT
C0852,D8520,USES_DEVICE
C0852,D8521,USES_DEVICE
C0852,I8520,USES_IP
C0852,I8521,USES_IP
C0852,P8520,HAS_PAYMENT_INSTRUMENT
C0852,P8521,HAS_PAYMENT_INSTRUMENT
C0853,D8530,USES_DEVICE
C0853,D8531,USES_DEVICE
C0853,D8532,USES_DEVICE
C0853,I0170,USES_IP
C0853,I8531,USES_IP
C0853,I8532,USES_IP
C0853,P8530,HAS_PAYMENT_INSTRUMENT
C0854,D8540,USES_DEVICE
C0854,I8540,USES_IP
C0854,I8541,USES_IP
C0854,I8542,USES_IP
C0854,P8540,HAS_PAYMENT_INSTRUMENT
C0855,D8550,USES_DEVICE
C0855,D8551,USES_DEVICE
C0855,I8550,USES_IP
C0855,I8551,USES_IP
C0855,P8550,HAS_PAYMENT_INSTRUMENT
C0855,P8551,HAS_PAYMENT_INSTRUMENT
C0856,D8560,USES_DEVICE
C0856,D8561,USES_DEVICE
C0856,D8562,USES_DEVICE
C0856,I8560,USES_IP
C0856,I0171,USES_IP
C0856,I8562,USES_IP
C0856,P8560,HAS_PAYMENT_INSTRUMENT
C0857,D8570,USES_DEVICE
C0857,D8571,USES_DEVICE
C0857,I0171,USES_IP
C0857,I0171,USES_IP
C0857,I8572,USES_IP
C0857,P8570,HAS_PAYMENT_INSTRUMENT
C0858,D8580,USES_DEVICE
C0858,D8581,USES_DEVICE
C0858,D8582,USES_DEVICE
C0858,I8580,USES_IP
C0858,P8580,HAS_PAYMENT_INSTRUMENT
C0859,D8590,USES_DEVICE
C0859,D8591,USES_DEVICE
C0859,D8592,USES_DEVICE
C0859,I8590,USES_IP
C0859,I8591,USES_IP
C0859,P8590,HAS_PAYMENT_INSTRUMENT
C0859,P8591,HAS_PAYMENT_INSTRUMENT
C0860,D8600,USES_DEVICE
C0860,D8601,USES_DEVICE
C0860,D8602,USES_DEVICE
C0860,I8600,USES_IP
C0860,P8600,HAS_PAYMENT_INSTRUMENT
C0861,D8610,USES_DEVICE
C0861,I8610,USES_IP
C0861,I0172,USES_IP
C0861,P8610,HAS_PAYMENT_INSTRUMENT
C0862,D8620,USES_DEVICE
C0862,I8620,USES_IP
C0862,P8620,HAS_PAYMENT_INSTRUMENT
C0863,D8630,USES_DEVICE
C0863,D8631,USES_DEVICE
C0863,D8632,USES_DEVICE
C0863,I8630,USES_IP
C0863,P8630,HAS_PAYMENT_INSTRUMENT
C0863,P8631,HAS_PAYMENT_INSTRUMENT
C0864,D8640,USES_DEVICE
C0864,D8641,USES_DEVICE
C0864,I8640,USES_IP
C0864,I8641,USES_IP
C0864,P8640,HAS_PAYMENT_INSTRUMENT
C0865,D8650,USES_DEVICE
C0865,D8651,USES_DEVICE
C0865,I8650,USES_IP
C0865,I0173,USES_IP
C0865,I8652,USES_IP
C0865,P8650,HAS_PAYMENT_INSTRUMENT
C0866,D8660,USES_DEVICE
C0866,D8661,USES_DEVICE
C0866,D8662,USES_DEVICE
C0866,I0173,USES_IP
C0866,I8661,USES_IP
C0866,I8662,USES_IP
C0866,P8660,HAS_PAYMENT_INSTRUMENT
C0867,D8670,USES_DEVICE
C0867,D8671,USES_DEVICE
C0867,I8670,USES_IP
C0867,I0173,USES_IP
C0867,I8672,USES_IP
C0867,P8670,HAS_PAYMENT_INSTRUMENT
C0867,P8671,HAS_PAYMENT_INSTRUMENT
C0868,D8680,USES_DEVICE
C0868,D8681,USES_DEVICE
C0868,I8680,USES_IP
C0868,I0173,USES_IP
C0868,P8680,HAS_PAYMENT_INSTRUMENT
C0869,D8690,USES_DEVICE
C0869,D8691,USES_DEVICE
C0869,D8692,USES_DEVICE
C0869,I8690,USES_IP
C0869,P8690,HAS_PAYMENT_INSTRUMENT
C0869,P8691,HAS_PAYMENT_INSTRUMENT
C0870,D8700,USES_DEVICE
C0870,D8701,USES_DEVICE
C0870,D8702,USES_DEVICE
C0870,I8700,USES_IP
C0870,I8701,USES_IP
C0870,P8700,HAS_PAYMENT_INSTRUMENT
C0870,P8701,HAS_PAYMENT_INSTRUMENT
C0871,D8710,USES_DEVICE
C0871,I8710,USES_IP
C0871,I8711,USES_IP
C0871,I0174,USES_IP
C0871,P8710,HAS_PAYMENT_INSTRUMENT
C0871,P8711,HAS_PAYMENT_INSTRUMENT
C0872,D8720,USES_DEVICE
C0872,D8721,USES_DEVICE
C0872,D8722,USES_DEVICE
C0872,I8720,USES_IP
C0872,I8721,USES_IP
C0872,I8722,USES_IP
C0872,P8720,HAS_PAYMENT_INSTRUMENT
C0872,P8721,HAS_PAYMENT_INSTRUMENT
C0873,D8730,USES_DEVICE
C0873,I8730,USES_IP
C0873,I8731,USES_IP
C0873,P8730,HAS_PAYMENT_INSTRUMENT
C0874,D8740,USES_DEVICE
C0874,I8740,USES_IP
C0874,P8740,HAS_PAYMENT_INSTRUMENT
C0874,P8741,HAS_PAYMENT_INSTRUMENT
C0875,D8750,USES_DEVICE
C0875,I8750,USES_IP
C0875,P8750,HAS_PAYMENT_INSTRUMENT
C0876,D8760,USES_DEVICE
C0876,D8761,USES_DEVICE
C0876,D8762,USES_DEVICE
C0876,I8760,USES_IP
C0876,I0175,USES_IP
C0876,P8760,HAS_PAYMENT_INSTRUMENT
C0877,D8770,USES_DEVICE
C0877,D8771,USES_DEVICE
C0877,I8770,USES_IP
C0877,P8770,HAS_PAYMENT_INSTRUMENT
C0877,P8771,HAS_PAYMENT_INSTRUMENT
C0878,D8780,USES_DEVICE
C0878,D8781,USES_DEVICE
C0878,I8780,USES_IP
C0878,I8781,USES_IP
C0878,P8780,HAS_PAYMENT_INSTRUMENT
C0879,D8790,USES_DEVICE
C0879,D8791,USES_DEVICE
C0879,I0175,USES_IP
C0879,I8791,USES_IP
C0879,I8792,USES_IP
C0879,P8790,HAS_PAYMENT_INSTRUMENT
C0879,P8791,HAS_PAYMENT_INSTRUMENT
C0880,D8800,USES_DEVICE
C0880,D8801,USES_DEVICE
C0880,D8802,USES_DEVICE
C0880,I8800,USES_IP
C0880,I8801,USES_IP
C0880,I8802,USES_IP
C0880,P8800,HAS_PAYMENT_INSTRUMENT
C0880,P8801,HAS_PAYMENT_INSTRUMENT
C0881,D8810,USES_DEVICE
C0881,D8811,USES_DEVICE
C0881,I8810,USES_IP
C0881,I8811,USES_IP
C0881,P8810,HAS_PAYMENT_INSTRUMENT
C0882,D8820,USES_DEVICE
C0882,D8821,USES_DEVICE
C0882,D8822,USES_DEVICE
C0882,I8820,USES_IP
C0882,I8821,USES_IP
C0882,I8822,USES_IP
C0882,P8820,HAS_PAYMENT_INSTRUMENT
C0882,P8821,HAS_PAYMENT_INSTRUMENT
C0883,D8830,USES_DEVICE
C0883,D8831,USES_DEVICE
C0883,I8830,USES_IP
C0883,I8831,USES_IP
C0883,P8830,HAS_PAYMENT_INSTRUMENT
C0883,P8831,HAS_PAYMENT_INSTRUMENT
C0884,D8840,USES_DEVICE
C0884,D8841,USES_DEVICE
C0884,D8842,USES_DEVICE
C0884,I8840,USES_IP
C0884,P8840,HAS_PAYMENT_INSTRUMENT
C0885,D8850,USES_DEVICE
C0885,D8851,USES_DEVICE
C0885,I8850,USES_IP
C0885,P8850,HAS_PAYMENT_INSTRUMENT
C0886,D8860,USES_DEVICE
C0886,D8861,USES_DEVICE
C0886,I8860,USES_IP
C0886,I0177,USES_IP
C0886,I0177,USES_IP
C0886,P8860,HAS_PAYMENT_INSTRUMENT
C0887,D8870,USES_DEVICE
C0887,D8871,USES_DEVICE
C0887,D8872,USES_DEVICE
C0887,I0177,USES_IP
C0887,I8871,USES_IP
C0887,I8872,USES_IP
C0887,P8870,HAS_PAYMENT_INSTRUMENT
C0888,D8880,USES_DEVICE
C0888,I8880,USES_IP
C0888,I8881,USES_IP
C0888,I8882,USES_IP
C0888,P8880,HAS_PAYMENT_INSTRUMENT
C0889,D8890,USES_DEVICE
C0889,D8891,USES_DEVICE
C0889,I8890,USES_IP
C0889,I8891,USES_IP
C0889,P8890,HAS_PAYMENT_INSTRUMENT
C0889,P8891,HAS_PAYMENT_INSTRUMENT
C0890,D8900,USES_DEVICE
C0890,I8900,USES_IP
C0890,I0178,USES_IP
C0890,P8900,HAS_PAYMENT_INSTRUMENT
C0890,P8901,HAS_PAYMENT_INSTRUMENT
C0891,D8910,USES_DEVICE
C0891,D8911,USES_DEVICE
C0891,D8912,USES_DEVICE
C0891,I8910,USES_IP
C0891,P8910,HAS_PAYMENT_INSTRUMENT
C0892,D8920,USES_DEVICE
C0892,D8921,USES_DEVICE
C0892,D8922,USES_DEVICE
C0892,I8920,USES_IP
C0892,P8920,HAS_PAYMENT_INSTRUMENT
C0893,D8930,USES_DEVICE
C0893,D8931,USES_DEVICE
C0893,D8932,USES_DEVICE
C0893,I8930,USES_IP
C0893,I8931,USES_IP
C0893,I8932,USES_IP
C0893,P8930,HAS_PAYMENT_INSTRUMENT
C0893,P8931,HAS_PAYMENT_INSTRUMENT
C0894,D8940,USES_DEVICE
C0894,D8941,USES_DEVICE
C0894,I8940,USES_IP
C0894,P8940,HAS_PAYMENT_INSTRUMENT
C0894,P8941,HAS_PAYMENT_INSTRUMENT
C0895,D8950,USES_DEVICE
C0895,I8950,USES_IP
C0895,P8950,HAS_PAYMENT_INSTRUMENT
C0896,D8960,USES_DEVICE
C0896,I8960,USES_IP
C0896,I8961,USES_IP
C0896,I8962,USES_IP
C0896,P8960,HAS_PAYMENT_INSTRUMENT
C0896,P8961,HAS_PAYMENT_INSTRUMENT
C0897,D8970,USES_DEVICE
C0897,D8971,USES_DEVICE
C0897,I0179,USES_IP
C0897,P8970,HAS_PAYMENT_INSTRUMENT
C0897,P8971,HAS_PAYMENT_INSTRUMENT
C0898,D8980,USES_DEVICE
C0898,I8980,USES_IP
C0898,I8981,USES_IP
C0898,I8982,USES_IP
C0898,P8980,HAS_PAYMENT_INSTRUMENT
C0898,P8981,HAS_PAYMENT_INSTRUMENT
C0899,D8990,USES_DEVICE
C0899,D8991,USES_DEVICE
C0899,D8992,USES_DEVICE
C0899,I8990,USES_IP
C0899,I8991,USES_IP
C0899,I8992,USES_IP
C0899,P8990,HAS_PAYMENT_INSTRUMENT
C0900,D9000,USES_DEVICE
C0900,D9001,USES_DEVICE
C0900,D9002,USES_DEVICE
C0900,I9000,USES_IP
C0900,I9001,USES_IP
C0900,P9000,HAS_PAYMENT_INSTRUMENT
C0900,P9001,HAS_PAYMENT_INSTRUMENT
C0901,D9010,USES_DEVICE
C0901,D9011,USES_DEVICE
C0901,I9010,USES_IP
C0901,I9011,USES_IP
C0901,P9010,HAS_PAYMENT_INSTRUMENT
C0902,D9020,USES_DEVICE
C0902,D9021,USES_DEVICE
C0902,D9022,USES_DEVICE
C0902,I9020,USES_IP
C0902,P9020,HAS_PAYMENT_INSTRUMENT
C0903,D9030,USES_DEVICE
C0903,I9030,USES_IP
C0903,I9031,USES_IP
C0903,I9032,USES_IP
C0903,P9030,HAS_PAYMENT_INSTRUMENT
C0903,P9031,HAS_PAYMENT_INSTRUMENT
C0904,D9040,USES_DEVICE
C0904,D9041,USES_DEVICE
C0904,D9042,USES_DEVICE
C0904,I9040,USES_IP
C0904,I9041,USES_IP
C0904,I9042,USES_IP
C0904,P9040,HAS_PAYMENT_INSTRUMENT
C0904,P9041,HAS_PAYMENT_INSTRUMENT
C0905,D9050,USES_DEVICE
C0905,D9051,USES_DEVICE
C0905,D9052,USES_DEVICE
C0905,I9050,USES_IP
C0905,P9050,HAS_PAYMENT_INSTRUMENT
C0905,P9051,HAS_PAYMENT_INSTRUMENT
C0906,D9060,USES_DEVICE
C0906,D9061,USES_DEVICE
C0906,I9060,USES_IP
C0906,P9060,HAS_PAYMENT_INSTRUMENT
C0906,P9061,HAS_PAYMENT_INSTRUMENT
C0907,D9070,USES_DEVICE
C0907,I0181,USES_IP
C0907,P9070,HAS_PAYMENT_INSTRUMENT
C0908,D9080,USES_DEVICE
C0908,I9080,USES_IP
C0908,I9081,USES_IP
C0908,I9082,USES_IP
C0908,P9080,HAS_PAYMENT_INSTRUMENT
C0909,D9090,USES_DEVICE
C0909,D9091,USES_DEVICE
C0909,I9090,USES_IP
C0909,P9090,HAS_PAYMENT_INSTRUMENT
C0909,P9091,HAS_PAYMENT_INSTRUMENT
C0910,D9100,USES_DEVICE
C0910,D9101,USES_DEVICE
C0910,D9102,USES_DEVICE
C0910,I9100,USES_IP
C0910,I9101,USES_IP
C0910,I9102,USES_IP
C0910,P9100,HAS_PAYMENT_INSTRUMENT
C0910,P9101,HAS_PAYMENT_INSTRUMENT
C0911,D9110,USES_DEVICE
C0911,I9110,USES_IP
C0911,P9110,HAS_PAYMENT_INSTRUMENT
C0911,P9111,HAS_PAYMENT_INSTRUMENT
C0912,D9120,USES_DEVICE
C0912,D9121,USES_DEVICE
C0912,I9120,USES_IP
C0912,P9120,HAS_PAYMENT_INSTRUMENT
C0912,P9121,HAS_PAYMENT_INSTRUMENT
C0913,D9130,USES_DEVICE
C0913,D9131,USES_DEVICE
C0913,D9132,USES_DEVICE
C0913,I9130,USES_IP
C0913,P9130,HAS_PAYMENT_INSTRUMENT
C0914,D9140,USES_DEVICE
C0914,D9141,USES_DEVICE
C0914,D9142,USES_DEVICE
C0914,I9140,USES_IP
C0914,I9141,USES_IP
C0914,I9142,USES_IP
C0914,P9140,HAS_PAYMENT_INSTRUMENT
C0914,P9141,HAS_PAYMENT_INSTRUMENT
C0915,D9150,USES_DEVICE
C0915,D9151,USES_DEVICE
C0915,D9152,USES_DEVICE
C0915,I0183,USES_IP
C0915,I9151,USES_IP
C0915,I9152,USES_IP
C0915,P9150,HAS_PAYMENT_INSTRUMENT
C0916,D9160,USES_DEVICE
C0916,I9160,USES_IP
C0916,I9161,USES_IP
C0916,I9162,USES_IP
C0916,P9160,HAS_PAYMENT_INSTRUMENT
C0917,D9170,USES_DEVICE
C0917,D9171,USES_DEVICE
C0917,D9172,USES_DEVICE
C0917,I9170,USES_IP
C0917,P9170,HAS_PAYMENT_INSTRUMENT
C0918,D9180,USES_DEVICE
C0918,D9181,USES_DEVICE
C0918,D9182,USES_DEVICE
C0918,I9180,USES_IP
C0918,I0183,USES_IP
C0918,I9182,USES_IP
C0918,P9180,HAS_PAYMENT_INSTRUMENT
C0919,D9190,USES_DEVICE
C0919,D9191,USES_DEVICE
C0919,D9192,USES_DEVICE
C0919,I9190,USES_IP
C0919,I9191,USES_IP
C0919,I9192,USES_IP
C0919,P9190,HAS_PAYMENT_INSTRUMENT
C0919,P9191,HAS_PAYMENT_INSTRUMENT
C0920,D9200,USES_DEVICE
C0920,I9200,USES_IP
C0920,I9201,USES_IP
C0920,P9200,HAS_PAYMENT_INSTRUMENT
C0921,D9210,USES_DEVICE
C0921,D9211,USES_DEVICE
C0921,I9210,USES_IP
C0921,P9210,HAS_PAYMENT_INSTRUMENT
C0922,D9220,USES_DEVICE
C0922,I9220,USES_IP
C0922,I9221,USES_IP
C0922,P9220,HAS_PAYMENT_INSTRUMENT
C0922,P9221,HAS_PAYMENT_INSTRUMENT
C0923,D9230,USES_DEVICE
C0923,I9230,USES_IP
C0923,P9230,HAS_PAYMENT_INSTRUMENT
C0924,D9240,USES_DEVICE
C0924,D9241,USES_DEVICE
C0924,D9242,USES_DEVICE
C0924,I9240,USES_IP
C0924,I0184,USES_IP
C0924,I9242,USES_IP
C0924,P9240,HAS_PAYMENT_INSTRUMENT
C0924,P9241,HAS_PAYMENT_INSTRUMENT
C0925,D9250,USES_DEVICE
C0925,D9251,USES_DEVICE
C0925,I9250,USES_IP
C0925,I9251,USES_IP
C0925,P9250,HAS_PAYMENT_INSTRUMENT
C0925,P9251,HAS_PAYMENT_INSTRUMENT
C0926,D9260,USES_DEVICE
C0926,D9261,USES_DEVICE
C0926,I9260,USES_IP
C0926,I9261,USES_IP
C0926,I9262,USES_IP
C0926,P9260,HAS_PAYMENT_INSTRUMENT
C0926,P9261,HAS_PAYMENT_INSTRUMENT
C0927,D9270,USES_DEVICE
C0927,I9270,USES_IP
C0927,I9271,USES_IP
C0927,P9270,HAS_PAYMENT_INSTRUMENT
C0928,D9280,USES_DEVICE
C0928,D9281,USES_DEVICE
C0928,I9280,USES_IP
C0928,I9281,USES_IP
C0928,I9282,USES_IP
C0928,P9280,HAS_PAYMENT_INSTRUMENT
C0928,P9281,HAS_PAYMENT_INSTRUMENT
C0929,D9290,USES_DEVICE
C0929,D9291,USES_DEVICE
C0929,D9292,USES_DEVICE
C0929,I9290,USES_IP
C0929,I9291,USES_IP
C0929,P9290,HAS_PAYMENT_INSTRUMENT
C0930,D9300,USES_DEVICE
C0930,D9301,USES_DEVICE
C0930,D9302,USES_DEVICE
C0930,I9300,USES_IP
C0930,P9300,HAS_PAYMENT_INSTRUMENT
C0931,D9310,USES_DEVICE
C0931,I9310,USES_IP
C0931,P9310,HAS_PAYMENT_INSTRUMENT
C0931,P9311,HAS_PAYMENT_INSTRUMENT
C0932,D9320,USES_DEVICE
C0932,D9321,USES_DEVICE
C0932,D9322,USES_DEVICE
C0932,I9320,USES_IP
C0932,I9321,USES_IP
C0932,I9322,USES_IP
C0932,P9320,HAS_PAYMENT_INSTRUMENT
C0933,D9330,USES_DEVICE
C0933,I9330,USES_IP
C0933,P9330,HAS_PAYMENT_INSTRUMENT
C0933,P9331,HAS_PAYMENT_INSTRUMENT
C0934,D9340,USES_DEVICE
C0934,I9340,USES_IP
C0934,P9340,HAS_PAYMENT_INSTRUMENT
C0934,P9341,HAS_PAYMENT_INSTRUMENT
C0935,D9350,USES_DEVICE
C0935,I0187,USES_IP
C0935,I9351,USES_IP
C0935,I9352,USES_IP
C0935,P9350,HAS_PAYMENT_INSTRUMENT
C0935,P9351,HAS_PAYMENT_INSTRUMENT
C0936,D9360,USES_DEVICE
C0936,D9361,USES_DEVICE
C0936,D9362,USES_DEVICE
C0936,I0187,USES_IP
C0936,I9361,USES_IP
C0936,I9362,USES_IP
C0936,P9360,HAS_PAYMENT_INSTRUMENT
C0936,P9361,HAS_PAYMENT_INSTRUMENT
C0937,D9370,USES_DEVICE
C0937,D9371,USES_DEVICE
C0937,I9370,USES_IP
C0937,P9370,HAS_PAYMENT_INSTRUMENT
C0937,P9371,HAS_PAYMENT_INSTRUMENT
C0938,D9380,USES_DEVICE
C0938,I9380,USES_IP
C0938,P9380,HAS_PAYMENT_INSTRUMENT
C0939,D9390,USES_DEVICE
C0939,D9391,USES_DEVICE
C0939,D9392,USES_DEVICE
C0939,I9390,USES_IP
C0939,P9390,HAS_PAYMENT_INSTRUMENT
C0939,P9391,HAS_PAYMENT_INSTRUMENT
C0940,D9400,USES_DEVICE
C0940,I0188,USES_IP
C0940,I9401,USES_IP
C0940,I9402,USES_IP
C0940,P9400,HAS_PAYMENT_INSTRUMENT
C0940,P9401,HAS_PAYMENT_INSTRUMENT
C0941,D9410,USES_DEVICE
C0941,D9411,USES_DEVICE
C0941,I9410,USES_IP
C0941,I9411,USES_IP
C0941,I9412,USES_IP
C0941,P9410,HAS_PAYMENT_INSTRUMENT
C0942,D9420,USES_DEVICE
C0942,I9420,USES_IP
C0942,I9421,USES_IP
C0942,I9422,USES_IP
C0942,P9420,HAS_PAYMENT_INSTRUMENT
C0942,P9421,HAS_PAYMENT_INSTRUMENT
C0943,D9430,USES_DEVICE
C0943,D9431,USES_DEVICE
C0943,I9430,USES_IP
C0943,I9431,USES_IP
C0943,P9430,HAS_PAYMENT_INSTRUMENT
C0943,P9431,HAS_PAYMENT_INSTRUMENT
C0944,D9440,USES_DEVICE
C0944,D9441,USES_DEVICE
C0944,I0188,USES_IP
C0944,I9441,USES_IP
C0944,I9442,USES_IP
C0944,P9440,HAS_PAYMENT_INSTRUMENT
C0945,D9450,USES_DEVICE
C0945,D9451,USES_DEVICE
C0945,D9452,USES_DEVICE
C0945,I9450,USES_IP
C0945,I9451,USES_IP
C0945,P9450,HAS_PAYMENT_INSTRUMENT
C0945,P9451,HAS_PAYMENT_INSTRUMENT
C0946,D9460,USES_DEVICE
C0946,D9461,USES_DEVICE
C0946,D9462,USES_DEVICE
C0946,I9460,USES_IP
C0946,I9461,USES_IP
C0946,I9462,USES_IP
C0946,P9460,HAS_PAYMENT_INSTRUMENT
C0946,P9461,HAS_PAYMENT_INSTRUMENT
C0947,D9470,USES_DEVICE
C0947,I9470,USES_IP
C0947,I9471,USES_IP
C0947,P9470,HAS_PAYMENT_INSTRUMENT
C0947,P9471,HAS_PAYMENT_INSTRUMENT
C0948,D9480,USES_DEVICE
C0948,D9481,USES_DEVICE
C0948,D9482,USES_DEVICE
C0948,I9480,USES_IP
C0948,P9480,HAS_PAYMENT_INSTRUMENT
C0948,P9481,HAS_PAYMENT_INSTRUMENT
C0949,D9490,USES_DEVICE
C0949,I9490,USES_IP
C0949,I9491,USES_IP
C0949,P9490,HAS_PAYMENT_INSTRUMENT
C0950,D9500,USES_DEVICE
C0950,D9501,USES_DEVICE
C0950,I9500,USES_IP
C0950,I9501,USES_IP
C0950,P9500,HAS_PAYMENT_INSTRUMENT
C0951,D9510,USES_DEVICE
C0951,D9511,USES_DEVICE
C0951,D9512,USES_DEVICE
C0951,I9510,USES_IP
C0951,I0190,USES_IP
C0951,P9510,HAS_PAYMENT_INSTRUMENT
C0951,P9511,HAS_PAYMENT_INSTRUMENT
C0952,D9520,USES_DEVICE
C0952,I9520,USES_IP
C0952,I9521,USES_IP
C0952,I9522,USES_IP
C0952,P9520,HAS_PAYMENT_INSTRUMENT
C0952,P9521,HAS_PAYMENT_INSTRUMENT
C0953,D9530,USES_DEVICE
C0953,I9530,USES_IP
C0953,I9531,USES_IP
C0953,I9532,USES_IP
C0953,P9530,HAS_PAYMENT_INSTRUMENT
C0954,D9540,USES_DEVICE
C0954,I9540,USES_IP
C0954,I9541,USES_IP
C0954,I9542,USES_IP
C0954,P9540,HAS_PAYMENT_INSTRUMENT
C0955,D9550,USES_DEVICE
C0955,D9551,USES_DEVICE
C0955,D9552,USES_DEVICE
C0955,I9550,USES_IP
C0955,I9551,USES_IP
C0955,P9550,HAS_PAYMENT_INSTRUMENT
C0956,D9560,USES_DEVICE
C0956,D9561,USES_DEVICE
C0956,D9562,USES_DEVICE
C0956,I9560,USES_IP
C0956,I0191,USES_IP
C0956,I9562,USES_IP
C0956,P9560,HAS_PAYMENT_INSTRUMENT
C0957,D9570,USES_DEVICE
C0957,D9571,USES_DEVICE
C0957,I9570,USES_IP
C0957,I9571,USES_IP
C0957,P9570,HAS_PAYMENT_INSTRUMENT
C0957,P9571,HAS_PAYMENT_INSTRUMENT
C0958,D9580,USES_DEVICE
C0958,D9581,USES_DEVICE
C0958,I9580,USES_IP
C0958,P9580,HAS_PAYMENT_INSTRUMENT
C0958,P9581,HAS_PAYMENT_INSTRUMENT
C0959,D9590,USES_DEVICE
C0959,D9591,USES_DEVICE
C0959,I9590,USES_IP
C0959,P9590,HAS_PAYMENT_INSTRUMENT
C0960,D9600,USES_DEVICE
C0960,I9600,USES_IP
C0960,I9601,USES_IP
C0960,I9602,USES_IP
C0960,P9600,HAS_PAYMENT_INSTRUMENT
C0960,P9601,HAS_PAYMENT_INSTRUMENT
C0961,D9610,USES_DEVICE
C0961,D9611,USES_DEVICE
C0961,I9610,USES_IP
C0961,I9611,USES_IP
C0961,I9612,USES_IP
C0961,P9610,HAS_PAYMENT_INSTRUMENT
C0961,P9611,HAS_PAYMENT_INSTRUMENT
C0962,D9620,USES_DEVICE
C0962,D9621,USES_DEVICE
C0962,I0192,USES_IP
C0962,I9621,USES_IP
C0962,I9622,USES_IP
C0962,P9620,HAS_PAYMENT_INSTRUMENT
C0963,D9630,USES_DEVICE
C0963,D9631,USES_DEVICE
C0963,I9630,USES_IP
C0963,I9631,USES_IP
C0963,P9630,HAS_PAYMENT_INSTRUMENT
C0963,P9631,HAS_PAYMENT_INSTRUMENT
C0964,D9640,USES_DEVICE
C0964,I9640,USES_IP
C0964,I9641,USES_IP
C0964,P9640,HAS_PAYMENT_INSTRUMENT
C0964,P9641,HAS_PAYMENT_INSTRUMENT
C0965,D9650,USES_DEVICE
C0965,I9650,USES_IP
C0965,I9651,USES_IP
C0965,P9650,HAS_PAYMENT_INSTRUMENT
C0965,P9651,HAS_PAYMENT_INSTRUMENT
C0966,D9660,USES_DEVICE
C0966,D9661,USES_DEVICE
C0966,I9660,USES_IP
C0966,I9661,USES_IP
C0966,P9660,HAS_PAYMENT_INSTRUMENT
C0967,D9670,USES_DEVICE
C0967,D9671,USES_DEVICE
C0967,D9672,USES_DEVICE
C0967,I9670,USES_IP
C0967,I0193,USES_IP
C0967,I9672,USES_IP
C0967,P9670,HAS_PAYMENT_INSTRUMENT
C0968,D9680,USES_DEVICE
C0968,D9681,USES_DEVICE
C0968,D9682,USES_DEVICE
C0968,I9680,USES_IP
C0968,I9681,USES_IP
C0968,P9680,HAS_PAYMENT_INSTRUMENT
C0969,D9690,USES_DEVICE
C0969,D9691,USES_DEVICE
C0969,I9690,USES_IP
C0969,P9690,HAS_PAYMENT_INSTRUMENT
C0969,P9691,HAS_PAYMENT_INSTRUMENT
C0970,D9700,USES_DEVICE
C0970,I9700,USES_IP
C0970,I9701,USES_IP
C0970,I9702,USES_IP
C0970,P9700,HAS_PAYMENT_INSTRUMENT
C0970,P9701,HAS_PAYMENT_INSTRUMENT
C0971,D9710,USES_DEVICE
C0971,D9711,USES_DEVICE
C0971,I9710,USES_IP
C0971,I0194,USES_IP
C0971,I0194,USES_IP
C0971,P9710,HAS_PAYMENT_INSTRUMENT
C0972,D9720,USES_DEVICE
C0972,I9720,USES_IP
C0972,P9720,HAS_PAYMENT_INSTRUMENT
C0972,P9721,HAS_PAYMENT_INSTRUMENT
C0973,D9730,USES_DEVICE
C0973,D9731,USES_DEVICE
C0973,D9732,USES_DEVICE
C0973,I9730,USES_IP
C0973,P9730,HAS_PAYMENT_INSTRUMENT
C0973,P9731,HAS_PAYMENT_INSTRUMENT
C0974,D9740,USES_DEVICE
C0974,D9741,USES_DEVICE
C0974,I9740,USES_IP
C0974,I9741,USES_IP
C0974,P9740,HAS_PAYMENT_INSTRUMENT
C0974,P9741,HAS_PAYMENT_INSTRUMENT
C0975,D9750,USES_DEVICE
C0975,D9751,USES_DEVICE
C0975,I9750,USES_IP
C0975,P9750,HAS_PAYMENT_INSTRUMENT
C0975,P9751,HAS_PAYMENT_INSTRUMENT
C0976,D9760,USES_DEVICE
C0976,D9761,USES_DEVICE
C0976,D9762,USES_DEVICE
C0976,I9760,USES_IP
C0976,I9761,USES_IP
C0976,I9762,USES_IP
C0976,P9760,HAS_PAYMENT_INSTRUMENT
C0977,D9770,USES_DEVICE
C0977,D9771,USES_DEVICE
C0977,I9770,USES_IP
C0977,I9771,USES_IP
C0977,P9770,HAS_PAYMENT_INSTRUMENT
C0977,P9771,HAS_PAYMENT_INSTRUMENT
C0978,D9780,USES_DEVICE
C0978,I9780,USES_IP
C0978,I9781,USES_IP
C0978,P9780,HAS_PAYMENT_INSTRUMENT
C0979,D9790,USES_DEVICE
C0979,I9790,USES_IP
C0979,I9791,USES_IP
C0979,I9792,USES_IP
C0979,P9790,HAS_PAYMENT_INSTRUMENT
C0979,P9791,HAS_PAYMENT_INSTRUMENT
C0980,D9800,USES_DEVICE
C0980,I9800,USES_IP
C0980,P9800,HAS_PAYMENT_INSTRUMENT
C0981,D9810,USES_DEVICE
C0981,D9811,USES_DEVICE
C0981,I9810,USES_IP
C0981,I9811,USES_IP
C0981,P9810,HAS_PAYMENT_INSTRUMENT
C0981,P9811,HAS_PAYMENT_INSTRUMENT
C0982,D9820,USES_DEVICE
C0982,D9821,USES_DEVICE
C0982,I9820,USES_IP
C0982,I9821,USES_IP
C0982,P9820,HAS_PAYMENT_INSTRUMENT
C0982,P9821,HAS_PAYMENT_INSTRUMENT
C0983,D9830,USES_DEVICE
C0983,D9831,USES_DEVICE
C0983,I9830,USES_IP
C0983,P9830,HAS_PAYMENT_INSTRUMENT
C0984,D9840,USES_DEVICE
C0984,I9840,USES_IP
C0984,I9841,USES_IP
C0984,I9842,USES_IP
C0984,P9840,HAS_PAYMENT_INSTRUMENT
C0985,D9850,USES_DEVICE
C0985,I9850,USES_IP
C0985,P9850,HAS_PAYMENT_INSTRUMENT
C0986,D9860,USES_DEVICE
C0986,I9860,USES_IP
C0986,I0197,USES_IP
C0986,P9860,HAS_PAYMENT_INSTRUMENT
C0986,P9861,HAS_PAYMENT_INSTRUMENT
C0987,D9870,USES_DEVICE
C0987,D9871,USES_DEVICE
C0987,D9872,USES_DEVICE
C0987,I9870,USES_IP
C0987,P9870,HAS_PAYMENT_INSTRUMENT
C0988,D9880,USES_DEVICE
C0988,I9880,USES_IP
C0988,I9881,USES_IP
C0988,I9882,USES_IP
C0988,P9880,HAS_PAYMENT_INSTRUMENT
C0988,P9881,HAS_PAYMENT_INSTRUMENT
C0989,D9890,USES_DEVICE
C0989,D9891,USES_DEVICE
C0989,I9890,USES_IP
C0989,I9891,USES_IP
C0989,I9892,USES_IP
C0989,P9890,HAS_PAYMENT_INSTRUMENT
C0990,D9900,USES_DEVICE
C0990,D9901,USES_DEVICE
C0990,D9902,USES_DEVICE
C0990,I9900,USES_IP
C0990,I9901,USES_IP
C0990,P9900,HAS_PAYMENT_INSTRUMENT
C0990,P9901,HAS_PAYMENT_INSTRUMENT
C0991,D9910,USES_DEVICE
C0991,D9911,USES_DEVICE
C0991,I9910,USES_IP
C0991,I9911,USES_IP
C0991,I9912,USES_IP
C0991,P9910,HAS_PAYMENT_INSTRUMENT
C0992,D9920,USES_DEVICE
C0992,D9921,USES_DEVICE
C0992,D9922,USES_DEVICE
C0992,I9920,USES_IP
C0992,I9921,USES_IP
C0992,I9922,USES_IP
C0992,P9920,HAS_PAYMENT_INSTRUMENT
C0992,P9921,HAS_PAYMENT_INSTRUMENT
C0993,D9930,USES_DEVICE
C0993,D9931,USES_DEVICE
C0993,D9932,USES_DEVICE
C0993,I9930,USES_IP
C0993,I9931,USES_IP
C0993,I9932,USES_IP
C0993,P9930,HAS_PAYMENT_INSTRUMENT
C0994,D9940,USES_DEVICE
C0994,I9940,USES_IP
C0994,I9941,USES_IP
C0994,P9940,HAS_PAYMENT_INSTRUMENT
C0995,D9950,USES_DEVICE
C0995,D9951,USES_DEVICE
C0995,I0199,USES_IP
C0995,P9950,HAS_PAYMENT_INSTRUMENT
C0996,D9960,USES_DEVICE
C0996,D9961,USES_DEVICE
C0996,I9960,USES_IP
C0996,I0199,USES_IP
C0996,P9960,HAS_PAYMENT_INSTRUMENT
C0996,P9961,HAS_PAYMENT_INSTRUMENT
C0997,D9970,USES_DEVICE
C0997,D9971,USES_DEVICE
C0997,I0199,USES_IP
C0997,I9971,USES_IP
C0997,P9970,HAS_PAYMENT_INSTRUMENT
C0997,P9971,HAS_PAYMENT_INSTRUMENT
C0998,D9980,USES_DEVICE
C0998,D9981,USES_DEVICE
C0998,D9982,USES_DEVICE
C0998,I9980,USES_IP
C0998,P9980,HAS_PAYMENT_INSTRUMENT
C0998,P9981,HAS_PAYMENT_INSTRUMENT
C0999,D9990,USES_DEVICE
C0999,I9990,USES_IP
C0999,I9991,USES_IP
C0999,P9990,HAS_PAYMENT_INSTRUMENT
C1000,D10000,USES_DEVICE
C1000,I10000,USES_IP
C1000,I10001,USES_IP
C1000,I10002,USES_IP
C1000,P10000,HAS_PAYMENT_INSTRUMENT
C1000,P10001,HAS_PAYMENT_INSTRUMENT
C5000,D5000,USES_DEVICE
C5000,D5001,USES_DEVICE
C5001,D5000,USES_DEVICE
C5001,D5001,USES_DEVICE
C5002,D5000,USES_DEVICE
C5002,D5001,USES_DEVICE
C5003,D5000,USES_DEVICE
C5003,D5001,USES_DEVICE
C5004,D5000,USES_DEVICE
C5004,D5001,USES_DEVICE
C5005,D5000,USES_DEVICE
C5005,D5001,USES_DEVICE
C5006,D5000,USES_DEVICE
C5006,D5001,USES_DEVICE
C5007,D5000,USES_DEVICE
C5007,D5001,USES_DEVICE
C5008,D5000,USES_DEVICE
C5008,D5001,USES_DEVICE
C5009,D5000,USES_DEVICE
C5009,D5001,USES_DEVICE
C6000,I6000,USES_IP
C6001,I6000,USES_IP
C6002,I6000,USES_IP
C6003,I6000,USES_IP
C6004,I6000,USES_IP
C6005,I6000,USES_IP
C6006,I6000,USES_IP
C6007,I6000,USES_IP
C6008,I6000,USES_IP
C6009,I6000,USES_IP
C6010,I6000,USES_IP
C6011,I6000,USES_IP
C6012,I6000,USES_IP
C6013,I6000,USES_IP
C6014,I6000,USES_IP
C7000,P7000,HAS_PAYMENT_INSTRUMENT
C7000,P7001,HAS_PAYMENT_INSTRUMENT
C7000,P7002,HAS_PAYMENT_INSTRUMENT
C7001,P7000,HAS_PAYMENT_INSTRUMENT
C7001,P7001,HAS_PAYMENT_INSTRUMENT
C7001,P7002,HAS_PAYMENT_INSTRUMENT
C7002,P7000,HAS_PAYMENT_INSTRUMENT
C7002,P7001,HAS_PAYMENT_INSTRUMENT
C7002,P7002,HAS_PAYMENT_INSTRUMENT
C7003,P7000,HAS_PAYMENT_INSTRUMENT
C7003,P7001,HAS_PAYMENT_INSTRUMENT
C7003,P7002,HAS_PAYMENT_INSTRUMENT
C7004,P7000,HAS_PAYMENT_INSTRUMENT
C7004,P7001,HAS_PAYMENT_INSTRUMENT
C7004,P7002,HAS_PAYMENT_INSTRUMENT
C7005,P7000,HAS_PAYMENT_INSTRUMENT
C7005,P7001,HAS_PAYMENT_INSTRUMENT
C7005,P7002,HAS_PAYMENT_INSTRUMENT
C7006,P7000,HAS_PAYMENT_INSTRUMENT
C7006,P7001,HAS_PAYMENT_INSTRUMENT
C7007,P7000,HAS_PAYMENT_INSTRUMENT
C7007,P7002,HAS_PAYMENT_INSTRUMENT
C8000,D8000,USES_DEVICE
C8000,I8000,USES_IP
C8000,P8000,HAS_PAYMENT_INSTRUMENT
C8001,D8000,USES_DEVICE
C8001,I8000,USES_IP
C8001,P8000,HAS_PAYMENT_INSTRUMENT
C8002,D8000,USES_DEVICE
C8002,I8000,USES_IP
C8002,P8000,HAS_PAYMENT_INSTRUMENT
C8003,D8000,USES_DEVICE
C8003,I8000,USES_IP
C8003,P8000,HAS_PAYMENT_INSTRUMENT
C8004,D8000,USES_DEVICE
C8004,I8000,USES_IP
C8004,P8000,HAS_PAYMENT_INSTRUMENT
